﻿
<DynamicTemplateString>
	<StringID>com.fmi.calculation.text.087B8D84B3C27FFFFB0A0E66AD52A094</StringID>
	<SourceText>********* HEADER **********<CR/><TAB/>PURPOSE: Returns a key/value pair list from ~array<CR/><TAB/>PARAMETER:<CR/><TAB/><TAB/><CR/><TAB/>RESULT:<CR/><TAB/><TAB/>result (list)<TAB/><TAB/>comma seperated list of key,value<CR/><CR/><TAB/>ERROR:<CR/><CR/><TAB/>VERSION: 1.0<CR/><TAB/><TAB/>5/03/2021<TAB/><TAB/>iCore Management<TAB/>CREATED<CR/><CR/><TAB/>NOTES: Does not change ~array.<CR/><CR/> ********** HEADER *********</SourceText>
	<TargetText>********* HEADER **********<CR/><TAB/>PURPOSE: Returns a key/value pair list from ~array<CR/><TAB/>PARAMETER:<CR/><TAB/><TAB/><CR/><TAB/>RESULT:<CR/><TAB/><TAB/>result (list)<TAB/><TAB/>comma seperated list of key,value<CR/><CR/><TAB/>ERROR:<CR/><CR/><TAB/>VERSION: 1.0<CR/><TAB/><TAB/>5/03/2021<TAB/><TAB/>iCore Management<TAB/>CREATED<CR/><CR/><TAB/>NOTES: Does not change ~array.<CR/><CR/> ********** HEADER *********</TargetText>
	<Comment>com.fmi.calculation.text.********* HEADER **********_CR/__TAB/_PURPOSE: Returns a key/value pair list from ~array_CR/__TAB/_PARAMETER:_CR/__TAB/__TAB/__CR/__TAB/_RESULT:_CR/__TAB/__TAB/_result (list)_TAB/__TAB/_comma seperated list of key,value_CR/__CR/__TAB/_ERROR:_CR/__CR/__TAB/_VERSION: 1.0_CR/__TAB/__TAB/_5/03/2021_TAB/__TAB/_iCore Management_TAB/_CREATED_CR/__CR/__TAB/_NOTES: Does not change ~array._CR/__CR/_ ********** HEADER *********</Comment>
</DynamicTemplateString>

<DynamicTemplateString>
	<StringID>com.fmi.calculation.text.106C73335C22E52D194C0C45776D1353</StringID>
	<SourceText>********* HEADER **********<CR/><TAB/>PURPOSE: Adds new elements to the beginning of ~array, and returns the new length<CR/><TAB/>PARAMETER:<CR/><TAB/><TAB/>value<TAB/><TAB/><TAB/><TAB/>list of new value to add to the beginning of ~array<CR/><TAB/>RESULT:<CR/><TAB/><TAB/>result (number)<TAB/><TAB/>new length of ~array<CR/><CR/><TAB/>ERROR:<CR/><CR/><TAB/>VERSION: 1.0<CR/><TAB/><TAB/>5/03/2021<TAB/><TAB/>iCore Management<TAB/>CREATED<CR/><CR/><TAB/>NOTES: Does change ~array.<CR/><CR/> ********** HEADER *********</SourceText>
	<TargetText>********* HEADER **********<CR/><TAB/>PURPOSE: Adds new elements to the beginning of ~array, and returns the new length<CR/><TAB/>PARAMETER:<CR/><TAB/><TAB/>value<TAB/><TAB/><TAB/><TAB/>list of new value to add to the beginning of ~array<CR/><TAB/>RESULT:<CR/><TAB/><TAB/>result (number)<TAB/><TAB/>new length of ~array<CR/><CR/><TAB/>ERROR:<CR/><CR/><TAB/>VERSION: 1.0<CR/><TAB/><TAB/>5/03/2021<TAB/><TAB/>iCore Management<TAB/>CREATED<CR/><CR/><TAB/>NOTES: Does change ~array.<CR/><CR/> ********** HEADER *********</TargetText>
	<Comment>com.fmi.calculation.text.********* HEADER **********_CR/__TAB/_PURPOSE: Adds new elements to the beginning of ~array, and returns the new length_CR/__TAB/_PARAMETER:_CR/__TAB/__TAB/_value_TAB/__TAB/__TAB/__TAB/_list of new value to add to the beginning of ~array_CR/__TAB/_RESULT:_CR/__TAB/__TAB/_result (number)_TAB/__TAB/_new length of ~array_CR/__CR/__TAB/_ERROR:_CR/__CR/__TAB/_VERSION: 1.0_CR/__TAB/__TAB/_5/03/2021_TAB/__TAB/_iCore Management_TAB/_CREATED_CR/__CR/__TAB/_NOTES: Does change ~array._CR/__CR/_ ********** HEADER *********</Comment>
</DynamicTemplateString>

<DynamicTemplateString>
	<StringID>com.fmi.calculation.text.13EDF26CBCCABA6863592B7386EC02E1</StringID>
	<SourceText>,</SourceText>
	<TargetText>,</TargetText>
	<Comment>com.fmi.calculation.text.,</Comment>
</DynamicTemplateString>

<DynamicTemplateString>
	<StringID>com.fmi.calculation.text.153CCC0609AC149C051C5A6771D69169</StringID>
	<SourceText> <CR/>Adds/Removes elements from an array<CR/><CR/>CHANGES THE ARRAY<CR/>RETURNS THE REMOVED ITEMS<CR/><CR/>CHECK JSONSTRING<CR/><CR/><CR/><CR/>Let ([<CR/><CR/><CR/><CR/><TAB/>_length = array.length ( $~array );<CR/><TAB/>_start = Case ( IsEmpty ( index ); 0;<CR/><TAB/><TAB/>index&lt;0; Max ( 0; _length-index );<CR/><TAB/><TAB/>Min ( index; _length ) );<CR/>// EXIT IF START &gt; LENGTH?<CR/>//<TAB/>_end = Case ( IsEmpty ( end); _length;<CR/>//<TAB/><TAB/>end&lt;0; Max ( 0; _length-end );<CR/>//<TAB/><TAB/>Min ( end; _length ) );<CR/><CR/><TAB/>//can&apos;t remove more than _length-index<CR/><TAB/>howmany = Min ( howmany; _length-_start );<CR/><CR/><TAB/>_array = $~array;<CR/><CR/><TAB/>removed = While ( [ i=0; n =Max ( _length; _length-howmany+ValueCount(values)); _update=&quot;[]&quot;; result=&quot;[]&quot;; c=0 ] ; i&lt;n ; [ i=i+1;<CR/><CR/><TAB/><TAB/>_index = i-1;<CR/><TAB/><TAB/>_value = Case ( _index &lt; _start;<CR/><TAB/><TAB/><TAB/>JSONGetElement ( _array ; _index );<CR/><TAB/><TAB/><TAB/>_index &lt; _start+ValueCount(values); GetValue ( values; i-_start );<CR/><TAB/><TAB/><TAB/>JSONGetElement ( _array ; _index+howmany-ValueCount ( values ) ) );<CR/><CR/><TAB/><TAB/>_update = Case ( _index&lt;_length-howmany+ValueCount(values); JSONSetElement ( _update; _index; _value; JSONString ); _update );<CR/><TAB/><TAB/>result = Case ( i&gt;_start /*and _index&lt;_length*/ and i&lt;_start+howmany+1; JSONSetElement ( result; ValueCount ( JSONListKeys ( result ; &quot;&quot; ) ); JSONGetElement ( _array ; _index ); JSONString ); result )<CR/>//<TAB/><TAB/>result = JSONSetElement ( result; ValueCount ( JSONListKeys ( result ; &quot;&quot; ) ); _value; JSONString )<CR/><CR/><TAB/>] ; Let ( $~array=_update; result ) )<CR/><CR/><CR/>];<CR/><CR/><TAB/>removed<CR/><CR/>)</SourceText>
	<TargetText> <CR/>Adds/Removes elements from an array<CR/><CR/>CHANGES THE ARRAY<CR/>RETURNS THE REMOVED ITEMS<CR/><CR/>CHECK JSONSTRING<CR/><CR/><CR/><CR/>Let ([<CR/><CR/><CR/><CR/><TAB/>_length = array.length ( $~array );<CR/><TAB/>_start = Case ( IsEmpty ( index ); 0;<CR/><TAB/><TAB/>index&lt;0; Max ( 0; _length-index );<CR/><TAB/><TAB/>Min ( index; _length ) );<CR/>// EXIT IF START &gt; LENGTH?<CR/>//<TAB/>_end = Case ( IsEmpty ( end); _length;<CR/>//<TAB/><TAB/>end&lt;0; Max ( 0; _length-end );<CR/>//<TAB/><TAB/>Min ( end; _length ) );<CR/><CR/><TAB/>//can&apos;t remove more than _length-index<CR/><TAB/>howmany = Min ( howmany; _length-_start );<CR/><CR/><TAB/>_array = $~array;<CR/><CR/><TAB/>removed = While ( [ i=0; n =Max ( _length; _length-howmany+ValueCount(values)); _update=&quot;[]&quot;; result=&quot;[]&quot;; c=0 ] ; i&lt;n ; [ i=i+1;<CR/><CR/><TAB/><TAB/>_index = i-1;<CR/><TAB/><TAB/>_value = Case ( _index &lt; _start;<CR/><TAB/><TAB/><TAB/>JSONGetElement ( _array ; _index );<CR/><TAB/><TAB/><TAB/>_index &lt; _start+ValueCount(values); GetValue ( values; i-_start );<CR/><TAB/><TAB/><TAB/>JSONGetElement ( _array ; _index+howmany-ValueCount ( values ) ) );<CR/><CR/><TAB/><TAB/>_update = Case ( _index&lt;_length-howmany+ValueCount(values); JSONSetElement ( _update; _index; _value; JSONString ); _update );<CR/><TAB/><TAB/>result = Case ( i&gt;_start /*and _index&lt;_length*/ and i&lt;_start+howmany+1; JSONSetElement ( result; ValueCount ( JSONListKeys ( result ; &quot;&quot; ) ); JSONGetElement ( _array ; _index ); JSONString ); result )<CR/>//<TAB/><TAB/>result = JSONSetElement ( result; ValueCount ( JSONListKeys ( result ; &quot;&quot; ) ); _value; JSONString )<CR/><CR/><TAB/>] ; Let ( $~array=_update; result ) )<CR/><CR/><CR/>];<CR/><CR/><TAB/>removed<CR/><CR/>)</TargetText>
	<Comment>com.fmi.calculation.text. _CR/_Adds/Removes elements from an array_CR/__CR/_CHANGES THE ARRAY_CR/_RETURNS THE REMOVED ITEMS_CR/__CR/_CHECK JSONSTRING_CR/__CR/__CR/__CR/_Let ([_CR/__CR/__CR/__CR/__TAB/__length = array.length ( $~array );_CR/__TAB/__start = Case ( IsEmpty ( index ); 0;_CR/__TAB/__TAB/_index&lt;0; Max ( 0; _length-index );_CR/__TAB/__TAB/_Min ( index; _length ) );_CR/_// EXIT IF START &gt; LENGTH?_CR/_//_TAB/__end = Case ( IsEmpty ( end); _length;_CR/_//_TAB/__TAB/_end&lt;0; Max ( 0; _length-end );_CR/_//_TAB/__TAB/_Min ( end; _length ) );_CR/__CR/__TAB/_//can&apos;t remove more than _length-index_CR/__TAB/_howmany = Min ( howmany; _length-_start );_CR/__CR/__TAB/__array = $~array;_CR/__CR/__TAB/_removed = While ( [ i=0; n =Max ( _length; _length-howmany+ValueCount(values)); _update=&quot;[]&quot;; result=&quot;[]&quot;; c=0 ] ; i&lt;n ; [ i=i+1;_CR/__CR/__TAB/__TAB/__index = i-1;_CR/__TAB/__TAB/__value = Case ( _index &lt; _start;_CR/__TAB/__TAB/__TAB/_JSONGetElement ( _array ; _index );_CR/__TAB/__TAB/__TAB/__index &lt; _start+ValueCount(values); GetValue ( values; i-_start );_CR/__TAB/__TAB/__TAB/_JSONGetElement ( _array ; _index+howmany-ValueCount ( values ) ) );_CR/__CR/__TAB/__TAB/__update = Case ( _index&lt;_length-howmany+ValueCount(values); JSONSetElement ( _update; _index; _value; JSONString ); _update );_CR/__TAB/__TAB/_result = Case ( i&gt;_start /*and _index&lt;_length*/ and i&lt;_start+howmany+1; JSONSetElement ( result; ValueCount ( JSONListKeys ( result ; &quot;&quot; ) ); JSONGetElement ( _array ; _index ); JSONString ); result )_CR/_//_TAB/__TAB/_result = JSONSetElement ( result; ValueCount ( JSONListKeys ( result ; &quot;&quot; ) ); _value; JSONString )_CR/__CR/__TAB/_] ; Let ( $~array=_update; result ) )_CR/__CR/__CR/_];_CR/__CR/__TAB/_removed_CR/__CR/_)</Comment>
</DynamicTemplateString>

<DynamicTemplateString>
	<StringID>com.fmi.calculation.text.1726B6BE08FB7A3122DC235959F800C5</StringID>
	<SourceText>can&apos;t remove more than _length-index<CR/></SourceText>
	<TargetText>can&apos;t remove more than _length-index<CR/></TargetText>
	<Comment>com.fmi.calculation.text.can&apos;t remove more than _length-index_CR/_</Comment>
</DynamicTemplateString>

<DynamicTemplateString>
	<StringID>com.fmi.calculation.text.17866C96BAEC7C85A0B6494F05F6C74B</StringID>
	<SourceText>********* HEADER **********<CR/><TAB/>PURPOSE: Converts an array to a string, and returns the result as a comma seperated list<CR/><TAB/>PARAMETER:<CR/><CR/><TAB/>RESULT:<CR/><TAB/><TAB/>result (string)<TAB/><TAB/>the joined elements<CR/><CR/><TAB/>ERROR:<CR/><CR/><TAB/>VERSION: 1.0<CR/><TAB/><TAB/>5/03/2021<TAB/><TAB/>iCore Management<TAB/>CREATED<CR/><CR/><TAB/>NOTES: Does not change ~array.<CR/><CR/> ********** HEADER *********</SourceText>
	<TargetText>********* HEADER **********<CR/><TAB/>PURPOSE: Converts an array to a string, and returns the result as a comma seperated list<CR/><TAB/>PARAMETER:<CR/><CR/><TAB/>RESULT:<CR/><TAB/><TAB/>result (string)<TAB/><TAB/>the joined elements<CR/><CR/><TAB/>ERROR:<CR/><CR/><TAB/>VERSION: 1.0<CR/><TAB/><TAB/>5/03/2021<TAB/><TAB/>iCore Management<TAB/>CREATED<CR/><CR/><TAB/>NOTES: Does not change ~array.<CR/><CR/> ********** HEADER *********</TargetText>
	<Comment>com.fmi.calculation.text.********* HEADER **********_CR/__TAB/_PURPOSE: Converts an array to a string, and returns the result as a comma seperated list_CR/__TAB/_PARAMETER:_CR/__CR/__TAB/_RESULT:_CR/__TAB/__TAB/_result (string)_TAB/__TAB/_the joined elements_CR/__CR/__TAB/_ERROR:_CR/__CR/__TAB/_VERSION: 1.0_CR/__TAB/__TAB/_5/03/2021_TAB/__TAB/_iCore Management_TAB/_CREATED_CR/__CR/__TAB/_NOTES: Does not change ~array._CR/__CR/_ ********** HEADER *********</Comment>
</DynamicTemplateString>

<DynamicTemplateString>
	<StringID>com.fmi.calculation.text.2238577FBBB25EA9FB6BCA1E6900F924</StringID>
	<SourceText>********* HEADER **********<CR/><TAB/>PURPOSE: Check if ~array contains the specified element <CR/><TAB/>PARAMETER:<CR/><TAB/><TAB/>value<TAB/><TAB/><TAB/><TAB/>the element to check<CR/><CR/><TAB/>RESULT:<CR/><TAB/><TAB/>result (boolean)<TAB/><TAB/>true if ~array includes the element<CR/><CR/><TAB/>ERROR:<CR/><CR/><TAB/>VERSION: 1.0<CR/><TAB/><TAB/>5/03/2021<TAB/><TAB/>iCore Management<TAB/>CREATED<CR/><CR/><TAB/>NOTES: Does not change ~array. Case sensitive.<CR/><CR/> ********** HEADER *********</SourceText>
	<TargetText>********* HEADER **********<CR/><TAB/>PURPOSE: Check if ~array contains the specified element <CR/><TAB/>PARAMETER:<CR/><TAB/><TAB/>value<TAB/><TAB/><TAB/><TAB/>the element to check<CR/><CR/><TAB/>RESULT:<CR/><TAB/><TAB/>result (boolean)<TAB/><TAB/>true if ~array includes the element<CR/><CR/><TAB/>ERROR:<CR/><CR/><TAB/>VERSION: 1.0<CR/><TAB/><TAB/>5/03/2021<TAB/><TAB/>iCore Management<TAB/>CREATED<CR/><CR/><TAB/>NOTES: Does not change ~array. Case sensitive.<CR/><CR/> ********** HEADER *********</TargetText>
	<Comment>com.fmi.calculation.text.********* HEADER **********_CR/__TAB/_PURPOSE: Check if ~array contains the specified element _CR/__TAB/_PARAMETER:_CR/__TAB/__TAB/_value_TAB/__TAB/__TAB/__TAB/_the element to check_CR/__CR/__TAB/_RESULT:_CR/__TAB/__TAB/_result (boolean)_TAB/__TAB/_true if ~array includes the element_CR/__CR/__TAB/_ERROR:_CR/__CR/__TAB/_VERSION: 1.0_CR/__TAB/__TAB/_5/03/2021_TAB/__TAB/_iCore Management_TAB/_CREATED_CR/__CR/__TAB/_NOTES: Does not change ~array. Case sensitive._CR/__CR/_ ********** HEADER *********</Comment>
</DynamicTemplateString>

<DynamicTemplateString>
	<StringID>com.fmi.calculation.text.25163200F612C88890FA206A717BC681</StringID>
	<SourceText>********* HEADER **********<CR/><TAB/>PURPOSE: Fill the elements in a ~array with a static value <CR/><TAB/>PARAMETER:<CR/><TAB/><TAB/>value<TAB/><TAB/><TAB/><TAB/>the static value to use<CR/><TAB/><TAB/>start<TAB/><TAB/><TAB/><TAB/>the index to start the fill (inclusive), default [0]<CR/><TAB/><TAB/>end<TAB/><TAB/><TAB/><TAB/>the index to end the fill (exclusive), default [array length]<CR/><CR/><TAB/>RESULT:<CR/><TAB/><TAB/>result (array)<TAB/><TAB/>the filled array<CR/><CR/><TAB/>ERROR:<CR/><CR/><TAB/>VERSION: 1.0<CR/><TAB/><TAB/>5/03/2021<TAB/><TAB/>iCore Management<TAB/>CREATED<CR/><CR/><TAB/>NOTES: Does change ~array.<CR/><CR/> ********** HEADER *********</SourceText>
	<TargetText>********* HEADER **********<CR/><TAB/>PURPOSE: Fill the elements in a ~array with a static value <CR/><TAB/>PARAMETER:<CR/><TAB/><TAB/>value<TAB/><TAB/><TAB/><TAB/>the static value to use<CR/><TAB/><TAB/>start<TAB/><TAB/><TAB/><TAB/>the index to start the fill (inclusive), default [0]<CR/><TAB/><TAB/>end<TAB/><TAB/><TAB/><TAB/>the index to end the fill (exclusive), default [array length]<CR/><CR/><TAB/>RESULT:<CR/><TAB/><TAB/>result (array)<TAB/><TAB/>the filled array<CR/><CR/><TAB/>ERROR:<CR/><CR/><TAB/>VERSION: 1.0<CR/><TAB/><TAB/>5/03/2021<TAB/><TAB/>iCore Management<TAB/>CREATED<CR/><CR/><TAB/>NOTES: Does change ~array.<CR/><CR/> ********** HEADER *********</TargetText>
	<Comment>com.fmi.calculation.text.********* HEADER **********_CR/__TAB/_PURPOSE: Fill the elements in a ~array with a static value _CR/__TAB/_PARAMETER:_CR/__TAB/__TAB/_value_TAB/__TAB/__TAB/__TAB/_the static value to use_CR/__TAB/__TAB/_start_TAB/__TAB/__TAB/__TAB/_the index to start the fill (inclusive), default [0]_CR/__TAB/__TAB/_end_TAB/__TAB/__TAB/__TAB/_the index to end the fill (exclusive), default [array length]_CR/__CR/__TAB/_RESULT:_CR/__TAB/__TAB/_result (array)_TAB/__TAB/_the filled array_CR/__CR/__TAB/_ERROR:_CR/__CR/__TAB/_VERSION: 1.0_CR/__TAB/__TAB/_5/03/2021_TAB/__TAB/_iCore Management_TAB/_CREATED_CR/__CR/__TAB/_NOTES: Does change ~array._CR/__CR/_ ********** HEADER *********</Comment>
</DynamicTemplateString>

<DynamicTemplateString>
	<StringID>com.fmi.calculation.text.2FE913CD9E35FB4852FD59498608DA57</StringID>
	<SourceText>********* HEADER **********<CR/><TAB/>PURPOSE: Reduce the values of ~array to a single value (going left-to-right)<CR/><TAB/>PARAMETER:<CR/><TAB/><TAB/>function<TAB/><TAB/><TAB/>a quoted function<CR/><TAB/><TAB/><TAB/>[value]<TAB/><TAB/>replaced with array value during run time<CR/><TAB/><TAB/><TAB/>[index]<TAB/><TAB/>replaced with array index during run time<CR/><TAB/><TAB/><TAB/>[array]<TAB/><TAB/>replaced with array during run time<CR/><TAB/><TAB/><TAB/>[total]<TAB/><TAB/>replaced with result value during run time<CR/><TAB/><TAB/>initialValue<TAB/><TAB/>an inital value for the calculation<CR/><CR/><TAB/>RESULT:<CR/><TAB/><TAB/>result (string)<TAB/><TAB/>result from the function from each ~array element<CR/><CR/><TAB/>ERROR:<CR/><CR/><TAB/>VERSION: 1.0<CR/><TAB/><TAB/>5/03/2021<TAB/><TAB/>iCore Management<TAB/>CREATED<CR/><CR/><TAB/>NOTES: Does not change ~array. Does not evaluate empty values.<CR/><CR/> ********** HEADER *********</SourceText>
	<TargetText>********* HEADER **********<CR/><TAB/>PURPOSE: Reduce the values of ~array to a single value (going left-to-right)<CR/><TAB/>PARAMETER:<CR/><TAB/><TAB/>function<TAB/><TAB/><TAB/>a quoted function<CR/><TAB/><TAB/><TAB/>[value]<TAB/><TAB/>replaced with array value during run time<CR/><TAB/><TAB/><TAB/>[index]<TAB/><TAB/>replaced with array index during run time<CR/><TAB/><TAB/><TAB/>[array]<TAB/><TAB/>replaced with array during run time<CR/><TAB/><TAB/><TAB/>[total]<TAB/><TAB/>replaced with result value during run time<CR/><TAB/><TAB/>initialValue<TAB/><TAB/>an inital value for the calculation<CR/><CR/><TAB/>RESULT:<CR/><TAB/><TAB/>result (string)<TAB/><TAB/>result from the function from each ~array element<CR/><CR/><TAB/>ERROR:<CR/><CR/><TAB/>VERSION: 1.0<CR/><TAB/><TAB/>5/03/2021<TAB/><TAB/>iCore Management<TAB/>CREATED<CR/><CR/><TAB/>NOTES: Does not change ~array. Does not evaluate empty values.<CR/><CR/> ********** HEADER *********</TargetText>
	<Comment>com.fmi.calculation.text.********* HEADER **********_CR/__TAB/_PURPOSE: Reduce the values of ~array to a single value (going left-to-right)_CR/__TAB/_PARAMETER:_CR/__TAB/__TAB/_function_TAB/__TAB/__TAB/_a quoted function_CR/__TAB/__TAB/__TAB/_[value]_TAB/__TAB/_replaced with array value during run time_CR/__TAB/__TAB/__TAB/_[index]_TAB/__TAB/_replaced with array index during run time_CR/__TAB/__TAB/__TAB/_[array]_TAB/__TAB/_replaced with array during run time_CR/__TAB/__TAB/__TAB/_[total]_TAB/__TAB/_replaced with result value during run time_CR/__TAB/__TAB/_initialValue_TAB/__TAB/_an inital value for the calculation_CR/__CR/__TAB/_RESULT:_CR/__TAB/__TAB/_result (string)_TAB/__TAB/_result from the function from each ~array element_CR/__CR/__TAB/_ERROR:_CR/__CR/__TAB/_VERSION: 1.0_CR/__TAB/__TAB/_5/03/2021_TAB/__TAB/_iCore Management_TAB/_CREATED_CR/__CR/__TAB/_NOTES: Does not change ~array. Does not evaluate empty values._CR/__CR/_ ********** HEADER *********</Comment>
</DynamicTemplateString>

<DynamicTemplateString>
	<StringID>com.fmi.calculation.text.31772953F9C0897CE8AE45BF84824FED</StringID>
	<SourceText>https://iCoreManagement.com/Products/Arrays</SourceText>
	<TargetText>https://iCoreManagement.com/Products/Arrays</TargetText>
	<Comment>com.fmi.calculation.text.https://iCoreManagement.com/Products/Arrays</Comment>
</DynamicTemplateString>

<DynamicTemplateString>
	<StringID>com.fmi.calculation.text.359FBC0C5C05E99114BDC86BF2F423E6</StringID>
	<SourceText>********* HEADER **********<CR/><TAB/>PURPOSE: Copies ~array elements within the array, to and from specified positions <CR/><TAB/>PARAMETER:<CR/><TAB/><TAB/>target (number) <TAB/><TAB/>the index location to place the copy<CR/><TAB/><TAB/>start (number) <TAB/><TAB/><TAB/>the index to start the copy (inclusive), default [0]<CR/><TAB/><TAB/>end (number) <TAB/><TAB/><TAB/>the index to end the copy (exclusive), default [array length]<CR/><CR/><TAB/>RESULT:<CR/><TAB/><TAB/>result (array)<TAB/><TAB/><TAB/>the copied array<CR/><CR/><TAB/>ERROR:<CR/><CR/><TAB/>VERSION: 1.0<CR/><TAB/><TAB/>5/03/2021<TAB/><TAB/><TAB/>iCore Management<TAB/>CREATED<CR/><CR/><TAB/>NOTES: Does change ~array.<CR/><CR/> ********** HEADER *********</SourceText>
	<TargetText>********* HEADER **********<CR/><TAB/>PURPOSE: Copies ~array elements within the array, to and from specified positions <CR/><TAB/>PARAMETER:<CR/><TAB/><TAB/>target (number) <TAB/><TAB/>the index location to place the copy<CR/><TAB/><TAB/>start (number) <TAB/><TAB/><TAB/>the index to start the copy (inclusive), default [0]<CR/><TAB/><TAB/>end (number) <TAB/><TAB/><TAB/>the index to end the copy (exclusive), default [array length]<CR/><CR/><TAB/>RESULT:<CR/><TAB/><TAB/>result (array)<TAB/><TAB/><TAB/>the copied array<CR/><CR/><TAB/>ERROR:<CR/><CR/><TAB/>VERSION: 1.0<CR/><TAB/><TAB/>5/03/2021<TAB/><TAB/><TAB/>iCore Management<TAB/>CREATED<CR/><CR/><TAB/>NOTES: Does change ~array.<CR/><CR/> ********** HEADER *********</TargetText>
	<Comment>com.fmi.calculation.text.********* HEADER **********_CR/__TAB/_PURPOSE: Copies ~array elements within the array, to and from specified positions _CR/__TAB/_PARAMETER:_CR/__TAB/__TAB/_target (number) _TAB/__TAB/_the index location to place the copy_CR/__TAB/__TAB/_start (number) _TAB/__TAB/__TAB/_the index to start the copy (inclusive), default [0]_CR/__TAB/__TAB/_end (number) _TAB/__TAB/__TAB/_the index to end the copy (exclusive), default [array length]_CR/__CR/__TAB/_RESULT:_CR/__TAB/__TAB/_result (array)_TAB/__TAB/__TAB/_the copied array_CR/__CR/__TAB/_ERROR:_CR/__CR/__TAB/_VERSION: 1.0_CR/__TAB/__TAB/_5/03/2021_TAB/__TAB/__TAB/_iCore Management_TAB/_CREATED_CR/__CR/__TAB/_NOTES: Does change ~array._CR/__CR/_ ********** HEADER *********</Comment>
</DynamicTemplateString>

<DynamicTemplateString>
	<StringID>com.fmi.calculation.text.3BAFD5E8D2A91633D4EC24D824355120</StringID>
	<SourceText>[total]+[value]</SourceText>
	<TargetText>[total]+[value]</TargetText>
	<Comment>com.fmi.calculation.text.[total]+[value]</Comment>
</DynamicTemplateString>

<DynamicTemplateString>
	<StringID>com.fmi.calculation.text.3C7ACD85E2ACC3F230F2ACD539170F99</StringID>
	<SourceText>********* HEADER **********<CR/><TAB/>PURPOSE: Checks if every element in ~array passes a test <CR/><TAB/>PARAMETER:<CR/><TAB/><TAB/>function<TAB/><TAB/><TAB/>a quoted function<CR/><TAB/><TAB/><TAB/>[value]<TAB/><TAB/>replaced with array value during run time<CR/><TAB/><TAB/><TAB/>[index]<TAB/><TAB/>replaced with array index during run time<CR/><TAB/><TAB/><TAB/>[array]<TAB/><TAB/>replaced with array during run time<CR/><TAB/><TAB/><TAB/>[total]<TAB/><TAB/>replaced with result value during run time<CR/><CR/><TAB/>RESULT:<CR/><TAB/><TAB/>result (boolean)<TAB/><TAB/>comma seperated list of key,value<CR/><CR/><TAB/>ERROR:<CR/><CR/><TAB/>VERSION: 1.0<CR/><TAB/><TAB/>5/03/2021<TAB/><TAB/>iCore Management<TAB/>CREATED<CR/><CR/><TAB/>NOTES: Does not change ~array.<CR/><CR/> ********** HEADER *********</SourceText>
	<TargetText>********* HEADER **********<CR/><TAB/>PURPOSE: Checks if every element in ~array passes a test <CR/><TAB/>PARAMETER:<CR/><TAB/><TAB/>function<TAB/><TAB/><TAB/>a quoted function<CR/><TAB/><TAB/><TAB/>[value]<TAB/><TAB/>replaced with array value during run time<CR/><TAB/><TAB/><TAB/>[index]<TAB/><TAB/>replaced with array index during run time<CR/><TAB/><TAB/><TAB/>[array]<TAB/><TAB/>replaced with array during run time<CR/><TAB/><TAB/><TAB/>[total]<TAB/><TAB/>replaced with result value during run time<CR/><CR/><TAB/>RESULT:<CR/><TAB/><TAB/>result (boolean)<TAB/><TAB/>comma seperated list of key,value<CR/><CR/><TAB/>ERROR:<CR/><CR/><TAB/>VERSION: 1.0<CR/><TAB/><TAB/>5/03/2021<TAB/><TAB/>iCore Management<TAB/>CREATED<CR/><CR/><TAB/>NOTES: Does not change ~array.<CR/><CR/> ********** HEADER *********</TargetText>
	<Comment>com.fmi.calculation.text.********* HEADER **********_CR/__TAB/_PURPOSE: Checks if every element in ~array passes a test _CR/__TAB/_PARAMETER:_CR/__TAB/__TAB/_function_TAB/__TAB/__TAB/_a quoted function_CR/__TAB/__TAB/__TAB/_[value]_TAB/__TAB/_replaced with array value during run time_CR/__TAB/__TAB/__TAB/_[index]_TAB/__TAB/_replaced with array index during run time_CR/__TAB/__TAB/__TAB/_[array]_TAB/__TAB/_replaced with array during run time_CR/__TAB/__TAB/__TAB/_[total]_TAB/__TAB/_replaced with result value during run time_CR/__CR/__TAB/_RESULT:_CR/__TAB/__TAB/_result (boolean)_TAB/__TAB/_comma seperated list of key,value_CR/__CR/__TAB/_ERROR:_CR/__CR/__TAB/_VERSION: 1.0_CR/__TAB/__TAB/_5/03/2021_TAB/__TAB/_iCore Management_TAB/_CREATED_CR/__CR/__TAB/_NOTES: Does not change ~array._CR/__CR/_ ********** HEADER *********</Comment>
</DynamicTemplateString>

<DynamicTemplateString>
	<StringID>com.fmi.calculation.text.4394F8160E128D17A4EAC4DAAE784358</StringID>
	<SourceText>********* HEADER **********<CR/><TAB/>PURPOSE: Search ~array for an element, starting at the end, and return its index<CR/><TAB/>PARAMETER:<CR/><TAB/><TAB/>value<TAB/><TAB/><TAB/><TAB/>the element to search<CR/><TAB/><TAB/>start<TAB/><TAB/><TAB/><TAB/>the index to start the search<CR/><CR/><TAB/>RESULT:<CR/><TAB/><TAB/>result (number)<TAB/><TAB/>the index of the element<CR/><CR/><TAB/>ERROR:<CR/><TAB/><TAB/>-1<TAB/><TAB/><TAB/><TAB/>value not found<CR/><CR/><TAB/>VERSION: 1.0<CR/><TAB/><TAB/>5/03/2021<TAB/><TAB/>iCore Management<TAB/>CREATED<CR/><CR/><TAB/>NOTES: Does not change ~array. Negative values will start at the given position counting from the end, and search to the beginning<CR/><CR/> ********** HEADER *********</SourceText>
	<TargetText>********* HEADER **********<CR/><TAB/>PURPOSE: Search ~array for an element, starting at the end, and return its index<CR/><TAB/>PARAMETER:<CR/><TAB/><TAB/>value<TAB/><TAB/><TAB/><TAB/>the element to search<CR/><TAB/><TAB/>start<TAB/><TAB/><TAB/><TAB/>the index to start the search<CR/><CR/><TAB/>RESULT:<CR/><TAB/><TAB/>result (number)<TAB/><TAB/>the index of the element<CR/><CR/><TAB/>ERROR:<CR/><TAB/><TAB/>-1<TAB/><TAB/><TAB/><TAB/>value not found<CR/><CR/><TAB/>VERSION: 1.0<CR/><TAB/><TAB/>5/03/2021<TAB/><TAB/>iCore Management<TAB/>CREATED<CR/><CR/><TAB/>NOTES: Does not change ~array. Negative values will start at the given position counting from the end, and search to the beginning<CR/><CR/> ********** HEADER *********</TargetText>
	<Comment>com.fmi.calculation.text.********* HEADER **********_CR/__TAB/_PURPOSE: Search ~array for an element, starting at the end, and return its index_CR/__TAB/_PARAMETER:_CR/__TAB/__TAB/_value_TAB/__TAB/__TAB/__TAB/_the element to search_CR/__TAB/__TAB/_start_TAB/__TAB/__TAB/__TAB/_the index to start the search_CR/__CR/__TAB/_RESULT:_CR/__TAB/__TAB/_result (number)_TAB/__TAB/_the index of the element_CR/__CR/__TAB/_ERROR:_CR/__TAB/__TAB/_-1_TAB/__TAB/__TAB/__TAB/_value not found_CR/__CR/__TAB/_VERSION: 1.0_CR/__TAB/__TAB/_5/03/2021_TAB/__TAB/_iCore Management_TAB/_CREATED_CR/__CR/__TAB/_NOTES: Does not change ~array. Negative values will start at the given position counting from the end, and search to the beginning_CR/__CR/_ ********** HEADER *********</Comment>
</DynamicTemplateString>

<DynamicTemplateString>
	<StringID>com.fmi.calculation.text.4A71BB0A58A71809444E4F41ADB10E0F</StringID>
	<SourceText>JSON treats strings that start with a number as numbers<CR/></SourceText>
	<TargetText>JSON treats strings that start with a number as numbers<CR/></TargetText>
	<Comment>com.fmi.calculation.text.JSON treats strings that start with a number as numbers_CR/_</Comment>
</DynamicTemplateString>

<DynamicTemplateString>
	<StringID>com.fmi.calculation.text.4EA08D5BA96CF7149BB72120E599694B</StringID>
	<SourceText>********* HEADER **********<CR/><TAB/>PURPOSE: Reverses the order of the elements in ~array<CR/><TAB/>PARAMETER:<CR/><CR/><TAB/>RESULT:<CR/><TAB/><TAB/>result (array)<TAB/><TAB/>~array in reverse order<CR/><CR/><TAB/>ERROR:<CR/><CR/><TAB/>VERSION: 1.0<CR/><TAB/><TAB/>5/03/2021<TAB/><TAB/>iCore Management<TAB/>CREATED<CR/><CR/><TAB/>NOTES: Does change ~array.<CR/><CR/> ********** HEADER *********</SourceText>
	<TargetText>********* HEADER **********<CR/><TAB/>PURPOSE: Reverses the order of the elements in ~array<CR/><TAB/>PARAMETER:<CR/><CR/><TAB/>RESULT:<CR/><TAB/><TAB/>result (array)<TAB/><TAB/>~array in reverse order<CR/><CR/><TAB/>ERROR:<CR/><CR/><TAB/>VERSION: 1.0<CR/><TAB/><TAB/>5/03/2021<TAB/><TAB/>iCore Management<TAB/>CREATED<CR/><CR/><TAB/>NOTES: Does change ~array.<CR/><CR/> ********** HEADER *********</TargetText>
	<Comment>com.fmi.calculation.text.********* HEADER **********_CR/__TAB/_PURPOSE: Reverses the order of the elements in ~array_CR/__TAB/_PARAMETER:_CR/__CR/__TAB/_RESULT:_CR/__TAB/__TAB/_result (array)_TAB/__TAB/_~array in reverse order_CR/__CR/__TAB/_ERROR:_CR/__CR/__TAB/_VERSION: 1.0_CR/__TAB/__TAB/_5/03/2021_TAB/__TAB/_iCore Management_TAB/_CREATED_CR/__CR/__TAB/_NOTES: Does change ~array._CR/__CR/_ ********** HEADER *********</Comment>
</DynamicTemplateString>

<DynamicTemplateString>
	<StringID>com.fmi.calculation.text.5001FE50F1D42BD25097CDBD7B624EA6</StringID>
	<SourceText>********* HEADER **********<CR/><TAB/>PURPOSE: Joins an array to the end of ~array, and returns a copy of the joined arrays. Does not change ~array<CR/><TAB/>PARAMETER:<CR/><TAB/><TAB/>array (array) <TAB/><TAB/><TAB/>the JSON array to join to ~array<CR/><CR/><TAB/>RESULT:<CR/><TAB/><TAB/>result (array)<TAB/><TAB/><TAB/>the joined array<CR/><CR/><TAB/>ERROR:<CR/><CR/><TAB/>VERSION: 1.0<CR/><TAB/><TAB/>5/03/2021<TAB/><TAB/><TAB/>iCore Management<TAB/>CREATED<CR/><CR/><TAB/>NOTES: Does not change ~array.<CR/><CR/> ********** HEADER *********</SourceText>
	<TargetText>********* HEADER **********<CR/><TAB/>PURPOSE: Joins an array to the end of ~array, and returns a copy of the joined arrays. Does not change ~array<CR/><TAB/>PARAMETER:<CR/><TAB/><TAB/>array (array) <TAB/><TAB/><TAB/>the JSON array to join to ~array<CR/><CR/><TAB/>RESULT:<CR/><TAB/><TAB/>result (array)<TAB/><TAB/><TAB/>the joined array<CR/><CR/><TAB/>ERROR:<CR/><CR/><TAB/>VERSION: 1.0<CR/><TAB/><TAB/>5/03/2021<TAB/><TAB/><TAB/>iCore Management<TAB/>CREATED<CR/><CR/><TAB/>NOTES: Does not change ~array.<CR/><CR/> ********** HEADER *********</TargetText>
	<Comment>com.fmi.calculation.text.********* HEADER **********_CR/__TAB/_PURPOSE: Joins an array to the end of ~array, and returns a copy of the joined arrays. Does not change ~array_CR/__TAB/_PARAMETER:_CR/__TAB/__TAB/_array (array) _TAB/__TAB/__TAB/_the JSON array to join to ~array_CR/__CR/__TAB/_RESULT:_CR/__TAB/__TAB/_result (array)_TAB/__TAB/__TAB/_the joined array_CR/__CR/__TAB/_ERROR:_CR/__CR/__TAB/_VERSION: 1.0_CR/__TAB/__TAB/_5/03/2021_TAB/__TAB/__TAB/_iCore Management_TAB/_CREATED_CR/__CR/__TAB/_NOTES: Does not change ~array._CR/__CR/_ ********** HEADER *********</Comment>
</DynamicTemplateString>

<DynamicTemplateString>
	<StringID>com.fmi.calculation.text.538FD1D289B44E289B0B52A04E72FEB8</StringID>
	<SourceText>********* HEADER **********<CR/><TAB/>PURPOSE: Returns the index of the first element from ~array that passes a test <CR/><TAB/>PARAMETER:<CR/><TAB/><TAB/>function<TAB/><TAB/><TAB/>a quoted function<CR/><TAB/><TAB/><TAB/>[value]<TAB/><TAB/>replaced with array value during run time<CR/><TAB/><TAB/><TAB/>[index]<TAB/><TAB/>replaced with array index during run time<CR/><TAB/><TAB/><TAB/>[array]<TAB/><TAB/>replaced with array during run time<CR/><TAB/><TAB/><TAB/>[total]<TAB/><TAB/>replaced with result value during run time<CR/><CR/><TAB/>RESULT:<CR/><TAB/><TAB/>result (number)<TAB/><TAB/>first element from ~array that passes the function<CR/><CR/><TAB/>ERROR:<CR/><TAB/><TAB/>-1<TAB/><TAB/><TAB/><TAB/>no element was found<CR/><CR/><TAB/>VERSION: 1.0<CR/><TAB/><TAB/>5/03/2021<TAB/><TAB/>iCore Management<TAB/>CREATED<CR/><CR/><TAB/>NOTES: Does not change ~array.<CR/><CR/> ********** HEADER *********</SourceText>
	<TargetText>********* HEADER **********<CR/><TAB/>PURPOSE: Returns the index of the first element from ~array that passes a test <CR/><TAB/>PARAMETER:<CR/><TAB/><TAB/>function<TAB/><TAB/><TAB/>a quoted function<CR/><TAB/><TAB/><TAB/>[value]<TAB/><TAB/>replaced with array value during run time<CR/><TAB/><TAB/><TAB/>[index]<TAB/><TAB/>replaced with array index during run time<CR/><TAB/><TAB/><TAB/>[array]<TAB/><TAB/>replaced with array during run time<CR/><TAB/><TAB/><TAB/>[total]<TAB/><TAB/>replaced with result value during run time<CR/><CR/><TAB/>RESULT:<CR/><TAB/><TAB/>result (number)<TAB/><TAB/>first element from ~array that passes the function<CR/><CR/><TAB/>ERROR:<CR/><TAB/><TAB/>-1<TAB/><TAB/><TAB/><TAB/>no element was found<CR/><CR/><TAB/>VERSION: 1.0<CR/><TAB/><TAB/>5/03/2021<TAB/><TAB/>iCore Management<TAB/>CREATED<CR/><CR/><TAB/>NOTES: Does not change ~array.<CR/><CR/> ********** HEADER *********</TargetText>
	<Comment>com.fmi.calculation.text.********* HEADER **********_CR/__TAB/_PURPOSE: Returns the index of the first element from ~array that passes a test _CR/__TAB/_PARAMETER:_CR/__TAB/__TAB/_function_TAB/__TAB/__TAB/_a quoted function_CR/__TAB/__TAB/__TAB/_[value]_TAB/__TAB/_replaced with array value during run time_CR/__TAB/__TAB/__TAB/_[index]_TAB/__TAB/_replaced with array index during run time_CR/__TAB/__TAB/__TAB/_[array]_TAB/__TAB/_replaced with array during run time_CR/__TAB/__TAB/__TAB/_[total]_TAB/__TAB/_replaced with result value during run time_CR/__CR/__TAB/_RESULT:_CR/__TAB/__TAB/_result (number)_TAB/__TAB/_first element from ~array that passes the function_CR/__CR/__TAB/_ERROR:_CR/__TAB/__TAB/_-1_TAB/__TAB/__TAB/__TAB/_no element was found_CR/__CR/__TAB/_VERSION: 1.0_CR/__TAB/__TAB/_5/03/2021_TAB/__TAB/_iCore Management_TAB/_CREATED_CR/__CR/__TAB/_NOTES: Does not change ~array._CR/__CR/_ ********** HEADER *********</Comment>
</DynamicTemplateString>

<DynamicTemplateString>
	<StringID>com.fmi.calculation.text.55D6F6643E9AD7FF19CEB133BD9B0BD5</StringID>
	<SourceText>Update subindexes<CR/></SourceText>
	<TargetText>Update subindexes<CR/></TargetText>
	<Comment>com.fmi.calculation.text.Update subindexes_CR/_</Comment>
</DynamicTemplateString>

<DynamicTemplateString>
	<StringID>com.fmi.calculation.text.5A44A3EBB54708BF0444B4D4DA29D1CC</StringID>
	<SourceText>[total]-[value]</SourceText>
	<TargetText>[total]-[value]</TargetText>
	<Comment>com.fmi.calculation.text.[total]-[value]</Comment>
</DynamicTemplateString>

<DynamicTemplateString>
	<StringID>com.fmi.calculation.text.5EA320F5742AE0D0188CDBBA474049A9</StringID>
	<SourceText>********* HEADER **********<CR/><TAB/>PURPOSE: Sets the value of ~array<CR/><TAB/>PARAMETER:<CR/><TAB/><TAB/>array (array)<TAB/><TAB/>returns the ~array as array<CR/><CR/><TAB/>RESULT:<CR/><TAB/><TAB/>result (null)<TAB/><TAB/><CR/><CR/><TAB/>ERROR:<CR/><CR/><TAB/>VERSION: 1.0<CR/><TAB/><TAB/>5/03/2021<TAB/><TAB/>iCore Management<TAB/>CREATED<CR/><CR/><TAB/>NOTES: Does change ~array.<CR/><CR/> ********** HEADER *********</SourceText>
	<TargetText>********* HEADER **********<CR/><TAB/>PURPOSE: Sets the value of ~array<CR/><TAB/>PARAMETER:<CR/><TAB/><TAB/>array (array)<TAB/><TAB/>returns the ~array as array<CR/><CR/><TAB/>RESULT:<CR/><TAB/><TAB/>result (null)<TAB/><TAB/><CR/><CR/><TAB/>ERROR:<CR/><CR/><TAB/>VERSION: 1.0<CR/><TAB/><TAB/>5/03/2021<TAB/><TAB/>iCore Management<TAB/>CREATED<CR/><CR/><TAB/>NOTES: Does change ~array.<CR/><CR/> ********** HEADER *********</TargetText>
	<Comment>com.fmi.calculation.text.********* HEADER **********_CR/__TAB/_PURPOSE: Sets the value of ~array_CR/__TAB/_PARAMETER:_CR/__TAB/__TAB/_array (array)_TAB/__TAB/_returns the ~array as array_CR/__CR/__TAB/_RESULT:_CR/__TAB/__TAB/_result (null)_TAB/__TAB/__CR/__CR/__TAB/_ERROR:_CR/__CR/__TAB/_VERSION: 1.0_CR/__TAB/__TAB/_5/03/2021_TAB/__TAB/_iCore Management_TAB/_CREATED_CR/__CR/__TAB/_NOTES: Does change ~array._CR/__CR/_ ********** HEADER *********</Comment>
</DynamicTemplateString>

<DynamicTemplateString>
	<StringID>com.fmi.calculation.text.65F51E0B54F413EF804A6BA90E6173E3</StringID>
	<SourceText>********* HEADER **********<CR/><TAB/>PURPOSE: Creates a new array with every element from ~array that passes a test <CR/><TAB/>PARAMETER:<CR/><TAB/><TAB/>function<TAB/><TAB/><TAB/>a quoted function<CR/><TAB/><TAB/><TAB/>[value]<TAB/><TAB/>replaced with array value during run time<CR/><TAB/><TAB/><TAB/>[index]<TAB/><TAB/>replaced with array index during run time<CR/><TAB/><TAB/><TAB/>[array]<TAB/><TAB/>replaced with array during run time<CR/><TAB/><TAB/><TAB/>[total]<TAB/><TAB/>replaced with result value during run time<CR/><CR/><TAB/>RESULT:<CR/><TAB/><TAB/>result (array)<TAB/><TAB/>array of elements from ~array that pass the function<CR/><CR/><TAB/>ERROR:<CR/><CR/><TAB/>VERSION: 1.0<CR/><TAB/><TAB/>5/03/2021<TAB/><TAB/>iCore Management<TAB/>CREATED<CR/><CR/><TAB/>NOTES: Does not change ~array. Does not evaluate empty values.<CR/><CR/> ********** HEADER *********</SourceText>
	<TargetText>********* HEADER **********<CR/><TAB/>PURPOSE: Creates a new array with every element from ~array that passes a test <CR/><TAB/>PARAMETER:<CR/><TAB/><TAB/>function<TAB/><TAB/><TAB/>a quoted function<CR/><TAB/><TAB/><TAB/>[value]<TAB/><TAB/>replaced with array value during run time<CR/><TAB/><TAB/><TAB/>[index]<TAB/><TAB/>replaced with array index during run time<CR/><TAB/><TAB/><TAB/>[array]<TAB/><TAB/>replaced with array during run time<CR/><TAB/><TAB/><TAB/>[total]<TAB/><TAB/>replaced with result value during run time<CR/><CR/><TAB/>RESULT:<CR/><TAB/><TAB/>result (array)<TAB/><TAB/>array of elements from ~array that pass the function<CR/><CR/><TAB/>ERROR:<CR/><CR/><TAB/>VERSION: 1.0<CR/><TAB/><TAB/>5/03/2021<TAB/><TAB/>iCore Management<TAB/>CREATED<CR/><CR/><TAB/>NOTES: Does not change ~array. Does not evaluate empty values.<CR/><CR/> ********** HEADER *********</TargetText>
	<Comment>com.fmi.calculation.text.********* HEADER **********_CR/__TAB/_PURPOSE: Creates a new array with every element from ~array that passes a test _CR/__TAB/_PARAMETER:_CR/__TAB/__TAB/_function_TAB/__TAB/__TAB/_a quoted function_CR/__TAB/__TAB/__TAB/_[value]_TAB/__TAB/_replaced with array value during run time_CR/__TAB/__TAB/__TAB/_[index]_TAB/__TAB/_replaced with array index during run time_CR/__TAB/__TAB/__TAB/_[array]_TAB/__TAB/_replaced with array during run time_CR/__TAB/__TAB/__TAB/_[total]_TAB/__TAB/_replaced with result value during run time_CR/__CR/__TAB/_RESULT:_CR/__TAB/__TAB/_result (array)_TAB/__TAB/_array of elements from ~array that pass the function_CR/__CR/__TAB/_ERROR:_CR/__CR/__TAB/_VERSION: 1.0_CR/__TAB/__TAB/_5/03/2021_TAB/__TAB/_iCore Management_TAB/_CREATED_CR/__CR/__TAB/_NOTES: Does not change ~array. Does not evaluate empty values._CR/__CR/_ ********** HEADER *********</Comment>
</DynamicTemplateString>

<DynamicTemplateString>
	<StringID>com.fmi.calculation.text.6AFDF282D2E32EDD97C73E9C0AD87D9C</StringID>
	<SourceText>********* HEADER **********<CR/><TAB/>PURPOSE: Removes the first element of ~array, and returns that element<CR/><TAB/>PARAMETER:<CR/><CR/><TAB/>RESULT:<CR/><TAB/><TAB/>result (string)<TAB/><TAB/>first element removed from $~array<CR/><CR/><TAB/>ERROR:<CR/><CR/><TAB/>VERSION: 1.0<CR/><TAB/><TAB/>5/03/2021<TAB/><TAB/>iCore Management<TAB/>CREATED<CR/><CR/><TAB/>NOTES: Does change ~array.<CR/><CR/> ********** HEADER *********</SourceText>
	<TargetText>********* HEADER **********<CR/><TAB/>PURPOSE: Removes the first element of ~array, and returns that element<CR/><TAB/>PARAMETER:<CR/><CR/><TAB/>RESULT:<CR/><TAB/><TAB/>result (string)<TAB/><TAB/>first element removed from $~array<CR/><CR/><TAB/>ERROR:<CR/><CR/><TAB/>VERSION: 1.0<CR/><TAB/><TAB/>5/03/2021<TAB/><TAB/>iCore Management<TAB/>CREATED<CR/><CR/><TAB/>NOTES: Does change ~array.<CR/><CR/> ********** HEADER *********</TargetText>
	<Comment>com.fmi.calculation.text.********* HEADER **********_CR/__TAB/_PURPOSE: Removes the first element of ~array, and returns that element_CR/__TAB/_PARAMETER:_CR/__CR/__TAB/_RESULT:_CR/__TAB/__TAB/_result (string)_TAB/__TAB/_first element removed from $~array_CR/__CR/__TAB/_ERROR:_CR/__CR/__TAB/_VERSION: 1.0_CR/__TAB/__TAB/_5/03/2021_TAB/__TAB/_iCore Management_TAB/_CREATED_CR/__CR/__TAB/_NOTES: Does change ~array._CR/__CR/_ ********** HEADER *********</Comment>
</DynamicTemplateString>

<DynamicTemplateString>
	<StringID>com.fmi.calculation.text.6FE2217551D58D5F355F6E18EBCFEEFC</StringID>
	<SourceText>********* HEADER **********<CR/><TAB/>PURPOSE: Creates a new array with the result of calling a function for each ~array element<CR/><TAB/>PARAMETER:<CR/><TAB/><TAB/>function<TAB/><TAB/><TAB/>a quoted function<CR/><TAB/><TAB/><TAB/>[value]<TAB/><TAB/>replaced with array value during run time<CR/><TAB/><TAB/><TAB/>[index]<TAB/><TAB/>replaced with array index during run time<CR/><TAB/><TAB/><TAB/>[array]<TAB/><TAB/>replaced with array during run time<CR/><TAB/><TAB/><TAB/>[total]<TAB/><TAB/>replaced with result value during run time<CR/><CR/><TAB/>RESULT:<CR/><TAB/><TAB/>result (array)<TAB/><TAB/>array of results from calling the function on each ~array element<CR/><CR/><TAB/>ERROR:<CR/><CR/><TAB/>VERSION: 1.0<CR/><TAB/><TAB/>5/03/2021<TAB/><TAB/>iCore Management<TAB/>CREATED<CR/><CR/><TAB/>NOTES: Does not change ~array. Does not evaluate empty values.<CR/><CR/> ********** HEADER *********</SourceText>
	<TargetText>********* HEADER **********<CR/><TAB/>PURPOSE: Creates a new array with the result of calling a function for each ~array element<CR/><TAB/>PARAMETER:<CR/><TAB/><TAB/>function<TAB/><TAB/><TAB/>a quoted function<CR/><TAB/><TAB/><TAB/>[value]<TAB/><TAB/>replaced with array value during run time<CR/><TAB/><TAB/><TAB/>[index]<TAB/><TAB/>replaced with array index during run time<CR/><TAB/><TAB/><TAB/>[array]<TAB/><TAB/>replaced with array during run time<CR/><TAB/><TAB/><TAB/>[total]<TAB/><TAB/>replaced with result value during run time<CR/><CR/><TAB/>RESULT:<CR/><TAB/><TAB/>result (array)<TAB/><TAB/>array of results from calling the function on each ~array element<CR/><CR/><TAB/>ERROR:<CR/><CR/><TAB/>VERSION: 1.0<CR/><TAB/><TAB/>5/03/2021<TAB/><TAB/>iCore Management<TAB/>CREATED<CR/><CR/><TAB/>NOTES: Does not change ~array. Does not evaluate empty values.<CR/><CR/> ********** HEADER *********</TargetText>
	<Comment>com.fmi.calculation.text.********* HEADER **********_CR/__TAB/_PURPOSE: Creates a new array with the result of calling a function for each ~array element_CR/__TAB/_PARAMETER:_CR/__TAB/__TAB/_function_TAB/__TAB/__TAB/_a quoted function_CR/__TAB/__TAB/__TAB/_[value]_TAB/__TAB/_replaced with array value during run time_CR/__TAB/__TAB/__TAB/_[index]_TAB/__TAB/_replaced with array index during run time_CR/__TAB/__TAB/__TAB/_[array]_TAB/__TAB/_replaced with array during run time_CR/__TAB/__TAB/__TAB/_[total]_TAB/__TAB/_replaced with result value during run time_CR/__CR/__TAB/_RESULT:_CR/__TAB/__TAB/_result (array)_TAB/__TAB/_array of results from calling the function on each ~array element_CR/__CR/__TAB/_ERROR:_CR/__CR/__TAB/_VERSION: 1.0_CR/__TAB/__TAB/_5/03/2021_TAB/__TAB/_iCore Management_TAB/_CREATED_CR/__CR/__TAB/_NOTES: Does not change ~array. Does not evaluate empty values._CR/__CR/_ ********** HEADER *********</Comment>
</DynamicTemplateString>

<DynamicTemplateString>
	<StringID>com.fmi.calculation.text.7967B9AD3988951677FBA7D0396F5D76</StringID>
	<SourceText>********* HEADER **********<CR/><TAB/>PURPOSE: Adds new elements to the end of ~array, and returns the new length<CR/><TAB/>PARAMETER:<CR/><TAB/><TAB/>value (string)<TAB/><TAB/>the list of values to add to ~array<CR/><CR/><TAB/>RESULT:<CR/><TAB/><TAB/>result (string)<TAB/><TAB/>the last element removed from ~array<CR/><CR/><TAB/>ERROR:<CR/><CR/><TAB/>VERSION: 1.0<CR/><TAB/><TAB/>5/03/2021<TAB/><TAB/>iCore Management<TAB/>CREATED<CR/><CR/><TAB/>NOTES: Does change ~array. Does not evaluate empty values.<CR/><CR/> ********** HEADER *********</SourceText>
	<TargetText>********* HEADER **********<CR/><TAB/>PURPOSE: Adds new elements to the end of ~array, and returns the new length<CR/><TAB/>PARAMETER:<CR/><TAB/><TAB/>value (string)<TAB/><TAB/>the list of values to add to ~array<CR/><CR/><TAB/>RESULT:<CR/><TAB/><TAB/>result (string)<TAB/><TAB/>the last element removed from ~array<CR/><CR/><TAB/>ERROR:<CR/><CR/><TAB/>VERSION: 1.0<CR/><TAB/><TAB/>5/03/2021<TAB/><TAB/>iCore Management<TAB/>CREATED<CR/><CR/><TAB/>NOTES: Does change ~array. Does not evaluate empty values.<CR/><CR/> ********** HEADER *********</TargetText>
	<Comment>com.fmi.calculation.text.********* HEADER **********_CR/__TAB/_PURPOSE: Adds new elements to the end of ~array, and returns the new length_CR/__TAB/_PARAMETER:_CR/__TAB/__TAB/_value (string)_TAB/__TAB/_the list of values to add to ~array_CR/__CR/__TAB/_RESULT:_CR/__TAB/__TAB/_result (string)_TAB/__TAB/_the last element removed from ~array_CR/__CR/__TAB/_ERROR:_CR/__CR/__TAB/_VERSION: 1.0_CR/__TAB/__TAB/_5/03/2021_TAB/__TAB/_iCore Management_TAB/_CREATED_CR/__CR/__TAB/_NOTES: Does change ~array. Does not evaluate empty values._CR/__CR/_ ********** HEADER *********</Comment>
</DynamicTemplateString>

<DynamicTemplateString>
	<StringID>com.fmi.calculation.text.7D1170F121C1516C8A3CD44EDA38E8B3</StringID>
	<SourceText>[]</SourceText>
	<TargetText>[]</TargetText>
	<Comment>com.fmi.calculation.text.[]</Comment>
</DynamicTemplateString>

<DynamicTemplateString>
	<StringID>com.fmi.calculation.text.7F36F14D92B323E10F769777F6A27473</StringID>
	<SourceText>[valueB]</SourceText>
	<TargetText>[valueB]</TargetText>
	<Comment>com.fmi.calculation.text.[valueB]</Comment>
</DynamicTemplateString>

<DynamicTemplateString>
	<StringID>com.fmi.calculation.text.828C9E1BD832CA92FD72E7CE02DDAF85</StringID>
	<SourceText>********* HEADER **********<CR/><TAB/>PURPOSE: Returns a list containing the keys of the ~array <CR/><TAB/>PARAMETER:<CR/><CR/><TAB/>RESULT:<CR/><TAB/><TAB/>result (string)<TAB/><TAB/>value list of elements<CR/><CR/><TAB/>ERROR:<CR/><CR/><TAB/>VERSION: 1.0<CR/><TAB/><TAB/>5/03/2021<TAB/><TAB/>iCore Management<TAB/>CREATED<CR/><CR/><TAB/>NOTES: Does not change ~array.<CR/><CR/> ********** HEADER *********</SourceText>
	<TargetText>********* HEADER **********<CR/><TAB/>PURPOSE: Returns a list containing the keys of the ~array <CR/><TAB/>PARAMETER:<CR/><CR/><TAB/>RESULT:<CR/><TAB/><TAB/>result (string)<TAB/><TAB/>value list of elements<CR/><CR/><TAB/>ERROR:<CR/><CR/><TAB/>VERSION: 1.0<CR/><TAB/><TAB/>5/03/2021<TAB/><TAB/>iCore Management<TAB/>CREATED<CR/><CR/><TAB/>NOTES: Does not change ~array.<CR/><CR/> ********** HEADER *********</TargetText>
	<Comment>com.fmi.calculation.text.********* HEADER **********_CR/__TAB/_PURPOSE: Returns a list containing the keys of the ~array _CR/__TAB/_PARAMETER:_CR/__CR/__TAB/_RESULT:_CR/__TAB/__TAB/_result (string)_TAB/__TAB/_value list of elements_CR/__CR/__TAB/_ERROR:_CR/__CR/__TAB/_VERSION: 1.0_CR/__TAB/__TAB/_5/03/2021_TAB/__TAB/_iCore Management_TAB/_CREATED_CR/__CR/__TAB/_NOTES: Does not change ~array._CR/__CR/_ ********** HEADER *********</Comment>
</DynamicTemplateString>

<DynamicTemplateString>
	<StringID>com.fmi.calculation.text.881EA6E44FE057EE7DA24071604E813C</StringID>
	<SourceText>********* HEADER **********<CR/><TAB/>PURPOSE: Return the length of array<CR/><TAB/>PARAMETER:<CR/><CR/><TAB/>RESULT:<CR/><TAB/><TAB/>result (number)<TAB/><TAB/>length of array<CR/><CR/><TAB/>ERROR:<CR/><CR/><TAB/>VERSION: 1.0<CR/><TAB/><TAB/>5/03/2021<TAB/><TAB/>iCore Management<TAB/>CREATED<CR/><CR/><TAB/>NOTES: Does not change ~array.<CR/><CR/> ********** HEADER *********</SourceText>
	<TargetText>********* HEADER **********<CR/><TAB/>PURPOSE: Return the length of array<CR/><TAB/>PARAMETER:<CR/><CR/><TAB/>RESULT:<CR/><TAB/><TAB/>result (number)<TAB/><TAB/>length of array<CR/><CR/><TAB/>ERROR:<CR/><CR/><TAB/>VERSION: 1.0<CR/><TAB/><TAB/>5/03/2021<TAB/><TAB/>iCore Management<TAB/>CREATED<CR/><CR/><TAB/>NOTES: Does not change ~array.<CR/><CR/> ********** HEADER *********</TargetText>
	<Comment>com.fmi.calculation.text.********* HEADER **********_CR/__TAB/_PURPOSE: Return the length of array_CR/__TAB/_PARAMETER:_CR/__CR/__TAB/_RESULT:_CR/__TAB/__TAB/_result (number)_TAB/__TAB/_length of array_CR/__CR/__TAB/_ERROR:_CR/__CR/__TAB/_VERSION: 1.0_CR/__TAB/__TAB/_5/03/2021_TAB/__TAB/_iCore Management_TAB/_CREATED_CR/__CR/__TAB/_NOTES: Does not change ~array._CR/__CR/_ ********** HEADER *********</Comment>
</DynamicTemplateString>

<DynamicTemplateString>
	<StringID>com.fmi.calculation.text.92A670CA707D4F9AF75829481AC11041</StringID>
	<SourceText>[array]</SourceText>
	<TargetText>[array]</TargetText>
	<Comment>com.fmi.calculation.text.[array]</Comment>
</DynamicTemplateString>

<DynamicTemplateString>
	<StringID>com.fmi.calculation.text.9393967C6550A13A16884935931CED39</StringID>
	<SourceText>********* HEADER **********<CR/><TAB/>PURPOSE: Creates an ~array from a list<CR/><TAB/>PARAMETER:<CR/><TAB/><TAB/>values<TAB/><TAB/><TAB/>the values to iterate into an array<CR/><CR/><TAB/>RESULT:<CR/><TAB/><TAB/>result (array)<TAB/><TAB/>result ~array from the values<CR/><CR/><TAB/>ERROR:<CR/><CR/><TAB/>VERSION: 1.0<CR/><TAB/><TAB/>5/03/2021<TAB/><TAB/>iCore Management<TAB/>CREATED<CR/><CR/><TAB/>NOTES: Does change ~array. Does not evaluate empty values.<CR/><CR/> ********** HEADER *********</SourceText>
	<TargetText>********* HEADER **********<CR/><TAB/>PURPOSE: Creates an ~array from a list<CR/><TAB/>PARAMETER:<CR/><TAB/><TAB/>values<TAB/><TAB/><TAB/>the values to iterate into an array<CR/><CR/><TAB/>RESULT:<CR/><TAB/><TAB/>result (array)<TAB/><TAB/>result ~array from the values<CR/><CR/><TAB/>ERROR:<CR/><CR/><TAB/>VERSION: 1.0<CR/><TAB/><TAB/>5/03/2021<TAB/><TAB/>iCore Management<TAB/>CREATED<CR/><CR/><TAB/>NOTES: Does change ~array. Does not evaluate empty values.<CR/><CR/> ********** HEADER *********</TargetText>
	<Comment>com.fmi.calculation.text.********* HEADER **********_CR/__TAB/_PURPOSE: Creates an ~array from a list_CR/__TAB/_PARAMETER:_CR/__TAB/__TAB/_values_TAB/__TAB/__TAB/_the values to iterate into an array_CR/__CR/__TAB/_RESULT:_CR/__TAB/__TAB/_result (array)_TAB/__TAB/_result ~array from the values_CR/__CR/__TAB/_ERROR:_CR/__CR/__TAB/_VERSION: 1.0_CR/__TAB/__TAB/_5/03/2021_TAB/__TAB/_iCore Management_TAB/_CREATED_CR/__CR/__TAB/_NOTES: Does change ~array. Does not evaluate empty values._CR/__CR/_ ********** HEADER *********</Comment>
</DynamicTemplateString>

<DynamicTemplateString>
	<StringID>com.fmi.calculation.text.9B4A625100FFA310B7F08C7E69B1EB56</StringID>
	<SourceText>[index]</SourceText>
	<TargetText>[index]</TargetText>
	<Comment>com.fmi.calculation.text.[index]</Comment>
</DynamicTemplateString>

<DynamicTemplateString>
	<StringID>com.fmi.calculation.text.A208B1F1AC79B24A12E703CAC1140FCD</StringID>
	<SourceText>[valueA]</SourceText>
	<TargetText>[valueA]</TargetText>
	<Comment>com.fmi.calculation.text.[valueA]</Comment>
</DynamicTemplateString>

<DynamicTemplateString>
	<StringID>com.fmi.calculation.text.A6DEE529DBE64230109703DDA41EF680</StringID>
	<SourceText>********* HEADER **********<CR/><TAB/>PURPOSE: Reduce the values of ~array to a single value (going right-to-left)<CR/><TAB/>PARAMETER:<CR/><TAB/><TAB/>function<TAB/><TAB/><TAB/>a quoted function<CR/><TAB/><TAB/><TAB/>[value]<TAB/><TAB/>replaced with array value during run time<CR/><TAB/><TAB/><TAB/>[index]<TAB/><TAB/>replaced with array index during run time<CR/><TAB/><TAB/><TAB/>[array]<TAB/><TAB/>replaced with array during run time<CR/><TAB/><TAB/><TAB/>[total]<TAB/><TAB/>replaced with result value during run time<CR/><TAB/><TAB/>initialValue<TAB/><TAB/>an inital value for the calculation<CR/><CR/><TAB/>RESULT:<CR/><TAB/><TAB/>result (string)<TAB/><TAB/>result from the function from each ~array element<CR/><CR/><TAB/>ERROR:<CR/><CR/><TAB/>VERSION: 1.0<CR/><TAB/><TAB/>5/03/2021<TAB/><TAB/>iCore Management<TAB/>CREATED<CR/><CR/><TAB/>NOTES: Does not change ~array. Does not evaluate empty values.<CR/><CR/> ********** HEADER *********</SourceText>
	<TargetText>********* HEADER **********<CR/><TAB/>PURPOSE: Reduce the values of ~array to a single value (going right-to-left)<CR/><TAB/>PARAMETER:<CR/><TAB/><TAB/>function<TAB/><TAB/><TAB/>a quoted function<CR/><TAB/><TAB/><TAB/>[value]<TAB/><TAB/>replaced with array value during run time<CR/><TAB/><TAB/><TAB/>[index]<TAB/><TAB/>replaced with array index during run time<CR/><TAB/><TAB/><TAB/>[array]<TAB/><TAB/>replaced with array during run time<CR/><TAB/><TAB/><TAB/>[total]<TAB/><TAB/>replaced with result value during run time<CR/><TAB/><TAB/>initialValue<TAB/><TAB/>an inital value for the calculation<CR/><CR/><TAB/>RESULT:<CR/><TAB/><TAB/>result (string)<TAB/><TAB/>result from the function from each ~array element<CR/><CR/><TAB/>ERROR:<CR/><CR/><TAB/>VERSION: 1.0<CR/><TAB/><TAB/>5/03/2021<TAB/><TAB/>iCore Management<TAB/>CREATED<CR/><CR/><TAB/>NOTES: Does not change ~array. Does not evaluate empty values.<CR/><CR/> ********** HEADER *********</TargetText>
	<Comment>com.fmi.calculation.text.********* HEADER **********_CR/__TAB/_PURPOSE: Reduce the values of ~array to a single value (going right-to-left)_CR/__TAB/_PARAMETER:_CR/__TAB/__TAB/_function_TAB/__TAB/__TAB/_a quoted function_CR/__TAB/__TAB/__TAB/_[value]_TAB/__TAB/_replaced with array value during run time_CR/__TAB/__TAB/__TAB/_[index]_TAB/__TAB/_replaced with array index during run time_CR/__TAB/__TAB/__TAB/_[array]_TAB/__TAB/_replaced with array during run time_CR/__TAB/__TAB/__TAB/_[total]_TAB/__TAB/_replaced with result value during run time_CR/__TAB/__TAB/_initialValue_TAB/__TAB/_an inital value for the calculation_CR/__CR/__TAB/_RESULT:_CR/__TAB/__TAB/_result (string)_TAB/__TAB/_result from the function from each ~array element_CR/__CR/__TAB/_ERROR:_CR/__CR/__TAB/_VERSION: 1.0_CR/__TAB/__TAB/_5/03/2021_TAB/__TAB/_iCore Management_TAB/_CREATED_CR/__CR/__TAB/_NOTES: Does not change ~array. Does not evaluate empty values._CR/__CR/_ ********** HEADER *********</Comment>
</DynamicTemplateString>

<DynamicTemplateString>
	<StringID>com.fmi.calculation.text.A885273C8732BD3BA5DBED43BC254411</StringID>
	<SourceText>[</SourceText>
	<TargetText>[</TargetText>
	<Comment>com.fmi.calculation.text.[</Comment>
</DynamicTemplateString>

<DynamicTemplateString>
	<StringID>com.fmi.calculation.text.AB1F229C48200EBF6C33EEF66A6F4AE0</StringID>
	<SourceText>[total]</SourceText>
	<TargetText>[total]</TargetText>
	<Comment>com.fmi.calculation.text.[total]</Comment>
</DynamicTemplateString>

<DynamicTemplateString>
	<StringID>com.fmi.calculation.text.ADB1653129D742DD7A8ED913D3B922F3</StringID>
	<SourceText>Update subindex ends once subarray is completed<CR/></SourceText>
	<TargetText>Update subindex ends once subarray is completed<CR/></TargetText>
	<Comment>com.fmi.calculation.text.Update subindex ends once subarray is completed_CR/_</Comment>
</DynamicTemplateString>

<DynamicTemplateString>
	<StringID>com.fmi.calculation.text.C0DBCA29CC1164C40F4BEFDADBA296F9</StringID>
	<SourceText>{</SourceText>
	<TargetText>{</TargetText>
	<Comment>com.fmi.calculation.text.{</Comment>
</DynamicTemplateString>

<DynamicTemplateString>
	<StringID>com.fmi.calculation.text.C6A19BC05A783F330422E554384B6E2D</StringID>
	<SourceText>********* HEADER **********<CR/><TAB/>PURPOSE: Joins all elements of ~array into a string<CR/><TAB/>PARAMETER:<CR/><TAB/><TAB/>seperator<TAB/><TAB/><TAB/>the seperator to use between elements<CR/><CR/><TAB/>RESULT:<CR/><TAB/><TAB/>result (string)<TAB/><TAB/>the joined elements<CR/><CR/><TAB/>ERROR:<CR/><CR/><TAB/>VERSION: 1.0<CR/><TAB/><TAB/>5/03/2021<TAB/><TAB/>iCore Management<TAB/>CREATED<CR/><CR/><TAB/>NOTES: Does not change ~array.<CR/><CR/> ********** HEADER *********</SourceText>
	<TargetText>********* HEADER **********<CR/><TAB/>PURPOSE: Joins all elements of ~array into a string<CR/><TAB/>PARAMETER:<CR/><TAB/><TAB/>seperator<TAB/><TAB/><TAB/>the seperator to use between elements<CR/><CR/><TAB/>RESULT:<CR/><TAB/><TAB/>result (string)<TAB/><TAB/>the joined elements<CR/><CR/><TAB/>ERROR:<CR/><CR/><TAB/>VERSION: 1.0<CR/><TAB/><TAB/>5/03/2021<TAB/><TAB/>iCore Management<TAB/>CREATED<CR/><CR/><TAB/>NOTES: Does not change ~array.<CR/><CR/> ********** HEADER *********</TargetText>
	<Comment>com.fmi.calculation.text.********* HEADER **********_CR/__TAB/_PURPOSE: Joins all elements of ~array into a string_CR/__TAB/_PARAMETER:_CR/__TAB/__TAB/_seperator_TAB/__TAB/__TAB/_the seperator to use between elements_CR/__CR/__TAB/_RESULT:_CR/__TAB/__TAB/_result (string)_TAB/__TAB/_the joined elements_CR/__CR/__TAB/_ERROR:_CR/__CR/__TAB/_VERSION: 1.0_CR/__TAB/__TAB/_5/03/2021_TAB/__TAB/_iCore Management_TAB/_CREATED_CR/__CR/__TAB/_NOTES: Does not change ~array._CR/__CR/_ ********** HEADER *********</Comment>
</DynamicTemplateString>

<DynamicTemplateString>
	<StringID>com.fmi.calculation.text.C818528030A4BA990A5BC323162CE720</StringID>
	<SourceText>********* HEADER **********<CR/><TAB/>PURPOSE: Removes the last element of ~array, and returns that element<CR/><TAB/>PARAMETER:<CR/><CR/><TAB/>RESULT:<CR/><TAB/><TAB/>result (string)<TAB/><TAB/>the last element removed from ~array<CR/><CR/><TAB/>ERROR:<CR/><CR/><TAB/>VERSION: 1.0<CR/><TAB/><TAB/>5/03/2021<TAB/><TAB/>iCore Management<TAB/>CREATED<CR/><CR/><TAB/>NOTES: Does change ~array. Does not evaluate empty values.<CR/><CR/> ********** HEADER *********</SourceText>
	<TargetText>********* HEADER **********<CR/><TAB/>PURPOSE: Removes the last element of ~array, and returns that element<CR/><TAB/>PARAMETER:<CR/><CR/><TAB/>RESULT:<CR/><TAB/><TAB/>result (string)<TAB/><TAB/>the last element removed from ~array<CR/><CR/><TAB/>ERROR:<CR/><CR/><TAB/>VERSION: 1.0<CR/><TAB/><TAB/>5/03/2021<TAB/><TAB/>iCore Management<TAB/>CREATED<CR/><CR/><TAB/>NOTES: Does change ~array. Does not evaluate empty values.<CR/><CR/> ********** HEADER *********</TargetText>
	<Comment>com.fmi.calculation.text.********* HEADER **********_CR/__TAB/_PURPOSE: Removes the last element of ~array, and returns that element_CR/__TAB/_PARAMETER:_CR/__CR/__TAB/_RESULT:_CR/__TAB/__TAB/_result (string)_TAB/__TAB/_the last element removed from ~array_CR/__CR/__TAB/_ERROR:_CR/__CR/__TAB/_VERSION: 1.0_CR/__TAB/__TAB/_5/03/2021_TAB/__TAB/_iCore Management_TAB/_CREATED_CR/__CR/__TAB/_NOTES: Does change ~array. Does not evaluate empty values._CR/__CR/_ ********** HEADER *********</Comment>
</DynamicTemplateString>

<DynamicTemplateString>
	<StringID>com.fmi.calculation.text.CECF72408EA61A5D741A1ACDD7C89E5F</StringID>
	<SourceText>********* HEADER **********<CR/><TAB/>PURPOSE: Sorts the elements of ~array<CR/><TAB/>PARAMETER:<CR/><TAB/><TAB/>function<TAB/><TAB/><TAB/>a quoted function<CR/><TAB/><TAB/><TAB/>[valueA]<TAB/><TAB/>replaced with array value during run time<CR/><TAB/><TAB/><TAB/>[valueB]<TAB/><TAB/>replaced with array index during run time<CR/><CR/><TAB/>RESULT:<CR/><TAB/><TAB/>result (array)<TAB/><TAB/>array of sorted elements, default [alphabetical]<CR/><CR/><TAB/>ERROR:<CR/><CR/><TAB/>VERSION: 1.0<CR/><TAB/><TAB/>5/03/2021<TAB/><TAB/>iCore Management<TAB/>CREATED<CR/><CR/><TAB/>NOTES: Does change ~array. Does not evaluate empty values.<CR/><TAB/><TAB/>Bottom-up sort implementation<CR/><CR/> ********** HEADER *********</SourceText>
	<TargetText>********* HEADER **********<CR/><TAB/>PURPOSE: Sorts the elements of ~array<CR/><TAB/>PARAMETER:<CR/><TAB/><TAB/>function<TAB/><TAB/><TAB/>a quoted function<CR/><TAB/><TAB/><TAB/>[valueA]<TAB/><TAB/>replaced with array value during run time<CR/><TAB/><TAB/><TAB/>[valueB]<TAB/><TAB/>replaced with array index during run time<CR/><CR/><TAB/>RESULT:<CR/><TAB/><TAB/>result (array)<TAB/><TAB/>array of sorted elements, default [alphabetical]<CR/><CR/><TAB/>ERROR:<CR/><CR/><TAB/>VERSION: 1.0<CR/><TAB/><TAB/>5/03/2021<TAB/><TAB/>iCore Management<TAB/>CREATED<CR/><CR/><TAB/>NOTES: Does change ~array. Does not evaluate empty values.<CR/><TAB/><TAB/>Bottom-up sort implementation<CR/><CR/> ********** HEADER *********</TargetText>
	<Comment>com.fmi.calculation.text.********* HEADER **********_CR/__TAB/_PURPOSE: Sorts the elements of ~array_CR/__TAB/_PARAMETER:_CR/__TAB/__TAB/_function_TAB/__TAB/__TAB/_a quoted function_CR/__TAB/__TAB/__TAB/_[valueA]_TAB/__TAB/_replaced with array value during run time_CR/__TAB/__TAB/__TAB/_[valueB]_TAB/__TAB/_replaced with array index during run time_CR/__CR/__TAB/_RESULT:_CR/__TAB/__TAB/_result (array)_TAB/__TAB/_array of sorted elements, default [alphabetical]_CR/__CR/__TAB/_ERROR:_CR/__CR/__TAB/_VERSION: 1.0_CR/__TAB/__TAB/_5/03/2021_TAB/__TAB/_iCore Management_TAB/_CREATED_CR/__CR/__TAB/_NOTES: Does change ~array. Does not evaluate empty values._CR/__TAB/__TAB/_Bottom-up sort implementation_CR/__CR/_ ********** HEADER *********</Comment>
</DynamicTemplateString>

<DynamicTemplateString>
	<StringID>com.fmi.calculation.text.CF7A89DA89B744244CA97F2B944C390C</StringID>
	<SourceText>********* HEADER **********<CR/><TAB/>PURPOSE: Search ~array for an element and return its position<CR/><TAB/>PARAMETER:<CR/><TAB/><TAB/>value<TAB/><TAB/><TAB/><TAB/>the element to search<CR/><TAB/><TAB/>start<TAB/><TAB/><TAB/><TAB/>the index to start the search<CR/><CR/><TAB/>RESULT:<CR/><TAB/><TAB/>result (number)<TAB/><TAB/>the index of the element<CR/><CR/><TAB/>ERROR:<CR/><TAB/><TAB/>-1<TAB/><TAB/><TAB/><TAB/>value not found<CR/><CR/><TAB/>VERSION: 1.0<CR/><TAB/><TAB/>5/03/2021<TAB/><TAB/>iCore Management<TAB/>CREATED<CR/><CR/><TAB/>NOTES: Does not change ~array. Case sensitive.<CR/><CR/> ********** HEADER *********</SourceText>
	<TargetText>********* HEADER **********<CR/><TAB/>PURPOSE: Search ~array for an element and return its position<CR/><TAB/>PARAMETER:<CR/><TAB/><TAB/>value<TAB/><TAB/><TAB/><TAB/>the element to search<CR/><TAB/><TAB/>start<TAB/><TAB/><TAB/><TAB/>the index to start the search<CR/><CR/><TAB/>RESULT:<CR/><TAB/><TAB/>result (number)<TAB/><TAB/>the index of the element<CR/><CR/><TAB/>ERROR:<CR/><TAB/><TAB/>-1<TAB/><TAB/><TAB/><TAB/>value not found<CR/><CR/><TAB/>VERSION: 1.0<CR/><TAB/><TAB/>5/03/2021<TAB/><TAB/>iCore Management<TAB/>CREATED<CR/><CR/><TAB/>NOTES: Does not change ~array. Case sensitive.<CR/><CR/> ********** HEADER *********</TargetText>
	<Comment>com.fmi.calculation.text.********* HEADER **********_CR/__TAB/_PURPOSE: Search ~array for an element and return its position_CR/__TAB/_PARAMETER:_CR/__TAB/__TAB/_value_TAB/__TAB/__TAB/__TAB/_the element to search_CR/__TAB/__TAB/_start_TAB/__TAB/__TAB/__TAB/_the index to start the search_CR/__CR/__TAB/_RESULT:_CR/__TAB/__TAB/_result (number)_TAB/__TAB/_the index of the element_CR/__CR/__TAB/_ERROR:_CR/__TAB/__TAB/_-1_TAB/__TAB/__TAB/__TAB/_value not found_CR/__CR/__TAB/_VERSION: 1.0_CR/__TAB/__TAB/_5/03/2021_TAB/__TAB/_iCore Management_TAB/_CREATED_CR/__CR/__TAB/_NOTES: Does not change ~array. Case sensitive._CR/__CR/_ ********** HEADER *********</Comment>
</DynamicTemplateString>

<DynamicTemplateString>
	<StringID>com.fmi.calculation.text.D4ECAC3E7CC098396BDE9F6EF749F6C0</StringID>
	<SourceText>********* HEADER **********<CR/><TAB/>PURPOSE: Return the current value of ~array<CR/><TAB/>PARAMETER:<CR/><CR/><TAB/>RESULT:<CR/><TAB/><TAB/>result (array)<TAB/><TAB/>~array or &quot;[]&quot; if not set<CR/><CR/><TAB/>ERROR:<CR/><CR/><TAB/>VERSION: 1.0<CR/><TAB/><TAB/>5/03/2021<TAB/><TAB/>iCore Management<TAB/>CREATED<CR/><CR/><TAB/>NOTES: Does change ~array.<CR/><CR/> ********** HEADER *********</SourceText>
	<TargetText>********* HEADER **********<CR/><TAB/>PURPOSE: Return the current value of ~array<CR/><TAB/>PARAMETER:<CR/><CR/><TAB/>RESULT:<CR/><TAB/><TAB/>result (array)<TAB/><TAB/>~array or &quot;[]&quot; if not set<CR/><CR/><TAB/>ERROR:<CR/><CR/><TAB/>VERSION: 1.0<CR/><TAB/><TAB/>5/03/2021<TAB/><TAB/>iCore Management<TAB/>CREATED<CR/><CR/><TAB/>NOTES: Does change ~array.<CR/><CR/> ********** HEADER *********</TargetText>
	<Comment>com.fmi.calculation.text.********* HEADER **********_CR/__TAB/_PURPOSE: Return the current value of ~array_CR/__TAB/_PARAMETER:_CR/__CR/__TAB/_RESULT:_CR/__TAB/__TAB/_result (array)_TAB/__TAB/_~array or &quot;[]&quot; if not set_CR/__CR/__TAB/_ERROR:_CR/__CR/__TAB/_VERSION: 1.0_CR/__TAB/__TAB/_5/03/2021_TAB/__TAB/_iCore Management_TAB/_CREATED_CR/__CR/__TAB/_NOTES: Does change ~array._CR/__CR/_ ********** HEADER *********</Comment>
</DynamicTemplateString>

<DynamicTemplateString>
	<StringID>com.fmi.calculation.text.D8F41A52311A62B0BF20C4A43BC8912E</StringID>
	<SourceText>[value]</SourceText>
	<TargetText>[value]</TargetText>
	<Comment>com.fmi.calculation.text.[value]</Comment>
</DynamicTemplateString>

<DynamicTemplateString>
	<StringID>com.fmi.calculation.text.DFEEFF5774C52F863AE8B9D72BC855A1</StringID>
	<SourceText>********* HEADER **********<CR/><TAB/>PURPOSE: Checks whether array is an array<CR/><TAB/>PARAMETER:<CR/><CR/><TAB/>RESULT:<CR/><TAB/><TAB/>result (boolean)<TAB/><TAB/>true if array is an array<CR/><CR/><TAB/>ERROR:<CR/><CR/><TAB/>VERSION: 1.0<CR/><TAB/><TAB/>5/03/2021<TAB/><TAB/>iCore Management<TAB/>CREATED<CR/><CR/><TAB/>NOTES: Does not change ~array.<CR/><CR/> ********** HEADER *********</SourceText>
	<TargetText>********* HEADER **********<CR/><TAB/>PURPOSE: Checks whether array is an array<CR/><TAB/>PARAMETER:<CR/><CR/><TAB/>RESULT:<CR/><TAB/><TAB/>result (boolean)<TAB/><TAB/>true if array is an array<CR/><CR/><TAB/>ERROR:<CR/><CR/><TAB/>VERSION: 1.0<CR/><TAB/><TAB/>5/03/2021<TAB/><TAB/>iCore Management<TAB/>CREATED<CR/><CR/><TAB/>NOTES: Does not change ~array.<CR/><CR/> ********** HEADER *********</TargetText>
	<Comment>com.fmi.calculation.text.********* HEADER **********_CR/__TAB/_PURPOSE: Checks whether array is an array_CR/__TAB/_PARAMETER:_CR/__CR/__TAB/_RESULT:_CR/__TAB/__TAB/_result (boolean)_TAB/__TAB/_true if array is an array_CR/__CR/__TAB/_ERROR:_CR/__CR/__TAB/_VERSION: 1.0_CR/__TAB/__TAB/_5/03/2021_TAB/__TAB/_iCore Management_TAB/_CREATED_CR/__CR/__TAB/_NOTES: Does not change ~array._CR/__CR/_ ********** HEADER *********</Comment>
</DynamicTemplateString>

<DynamicTemplateString>
	<StringID>com.fmi.calculation.text.EBAEB7A276169D906FBBF0A52D24B746</StringID>
	<SourceText>********* HEADER **********<CR/><TAB/>PURPOSE: Returns the first element from ~array that passes a test <CR/><TAB/>PARAMETER:<CR/><TAB/><TAB/>function<TAB/><TAB/><TAB/>a quoted function<CR/><TAB/><TAB/><TAB/>[value]<TAB/><TAB/>replaced with array value during run time<CR/><TAB/><TAB/><TAB/>[index]<TAB/><TAB/>replaced with array index during run time<CR/><TAB/><TAB/><TAB/>[array]<TAB/><TAB/>replaced with array during run time<CR/><TAB/><TAB/><TAB/>[total]<TAB/><TAB/>replaced with result value during run time<CR/><CR/><TAB/>RESULT:<CR/><TAB/><TAB/>result (element)<TAB/><TAB/>first element from ~array that passes the function<CR/><CR/><TAB/>ERROR:<CR/><CR/><TAB/>VERSION: 1.0<CR/><TAB/><TAB/>5/03/2021<TAB/><TAB/>iCore Management<TAB/>CREATED<CR/><CR/><TAB/>NOTES: Does not change ~array.<CR/><CR/> ********** HEADER *********</SourceText>
	<TargetText>********* HEADER **********<CR/><TAB/>PURPOSE: Returns the first element from ~array that passes a test <CR/><TAB/>PARAMETER:<CR/><TAB/><TAB/>function<TAB/><TAB/><TAB/>a quoted function<CR/><TAB/><TAB/><TAB/>[value]<TAB/><TAB/>replaced with array value during run time<CR/><TAB/><TAB/><TAB/>[index]<TAB/><TAB/>replaced with array index during run time<CR/><TAB/><TAB/><TAB/>[array]<TAB/><TAB/>replaced with array during run time<CR/><TAB/><TAB/><TAB/>[total]<TAB/><TAB/>replaced with result value during run time<CR/><CR/><TAB/>RESULT:<CR/><TAB/><TAB/>result (element)<TAB/><TAB/>first element from ~array that passes the function<CR/><CR/><TAB/>ERROR:<CR/><CR/><TAB/>VERSION: 1.0<CR/><TAB/><TAB/>5/03/2021<TAB/><TAB/>iCore Management<TAB/>CREATED<CR/><CR/><TAB/>NOTES: Does not change ~array.<CR/><CR/> ********** HEADER *********</TargetText>
	<Comment>com.fmi.calculation.text.********* HEADER **********_CR/__TAB/_PURPOSE: Returns the first element from ~array that passes a test _CR/__TAB/_PARAMETER:_CR/__TAB/__TAB/_function_TAB/__TAB/__TAB/_a quoted function_CR/__TAB/__TAB/__TAB/_[value]_TAB/__TAB/_replaced with array value during run time_CR/__TAB/__TAB/__TAB/_[index]_TAB/__TAB/_replaced with array index during run time_CR/__TAB/__TAB/__TAB/_[array]_TAB/__TAB/_replaced with array during run time_CR/__TAB/__TAB/__TAB/_[total]_TAB/__TAB/_replaced with result value during run time_CR/__CR/__TAB/_RESULT:_CR/__TAB/__TAB/_result (element)_TAB/__TAB/_first element from ~array that passes the function_CR/__CR/__TAB/_ERROR:_CR/__CR/__TAB/_VERSION: 1.0_CR/__TAB/__TAB/_5/03/2021_TAB/__TAB/_iCore Management_TAB/_CREATED_CR/__CR/__TAB/_NOTES: Does not change ~array._CR/__CR/_ ********** HEADER *********</Comment>
</DynamicTemplateString>

<DynamicTemplateString>
	<StringID>com.fmi.calculation.text.F3EFA54944B09FE8061D02EBB8885F74</StringID>
	<SourceText>********* HEADER **********<CR/><TAB/>PURPOSE: Selects a part of ~array, and returns the new array<CR/><TAB/>PARAMETER:<CR/><TAB/><TAB/>start<TAB/><TAB/><TAB/><TAB/>index to start selection (inclusive)<CR/><TAB/><TAB/>end<TAB/><TAB/><TAB/><TAB/>index to end selection (exclusive)<CR/><CR/><TAB/>RESULT:<CR/><TAB/><TAB/>result (array)<TAB/><TAB/>elements selected from ~array<CR/><CR/><TAB/>ERROR:<CR/><CR/><TAB/>VERSION: 1.0<CR/><TAB/><TAB/>5/03/2021<TAB/><TAB/>iCore Management<TAB/>CREATED<CR/><CR/><TAB/>NOTES: Does not change ~array.<CR/><CR/> ********** HEADER *********</SourceText>
	<TargetText>********* HEADER **********<CR/><TAB/>PURPOSE: Selects a part of ~array, and returns the new array<CR/><TAB/>PARAMETER:<CR/><TAB/><TAB/>start<TAB/><TAB/><TAB/><TAB/>index to start selection (inclusive)<CR/><TAB/><TAB/>end<TAB/><TAB/><TAB/><TAB/>index to end selection (exclusive)<CR/><CR/><TAB/>RESULT:<CR/><TAB/><TAB/>result (array)<TAB/><TAB/>elements selected from ~array<CR/><CR/><TAB/>ERROR:<CR/><CR/><TAB/>VERSION: 1.0<CR/><TAB/><TAB/>5/03/2021<TAB/><TAB/>iCore Management<TAB/>CREATED<CR/><CR/><TAB/>NOTES: Does not change ~array.<CR/><CR/> ********** HEADER *********</TargetText>
	<Comment>com.fmi.calculation.text.********* HEADER **********_CR/__TAB/_PURPOSE: Selects a part of ~array, and returns the new array_CR/__TAB/_PARAMETER:_CR/__TAB/__TAB/_start_TAB/__TAB/__TAB/__TAB/_index to start selection (inclusive)_CR/__TAB/__TAB/_end_TAB/__TAB/__TAB/__TAB/_index to end selection (exclusive)_CR/__CR/__TAB/_RESULT:_CR/__TAB/__TAB/_result (array)_TAB/__TAB/_elements selected from ~array_CR/__CR/__TAB/_ERROR:_CR/__CR/__TAB/_VERSION: 1.0_CR/__TAB/__TAB/_5/03/2021_TAB/__TAB/_iCore Management_TAB/_CREATED_CR/__CR/__TAB/_NOTES: Does not change ~array._CR/__CR/_ ********** HEADER *********</Comment>
</DynamicTemplateString>

<DynamicTemplateString>
	<StringID>com.fmi.calculation.text.F4228A31C1552C59EC90CC165DDACFF6</StringID>
	<SourceText>[valueA]&lt;=[valueB]</SourceText>
	<TargetText>[valueA]&lt;=[valueB]</TargetText>
	<Comment>com.fmi.calculation.text.[valueA]&lt;=[valueB]</Comment>
</DynamicTemplateString>

<DynamicTemplateString>
	<StringID>com.fmi.calculation.text.F452E3CB17AD1484D157C95DEA904001</StringID>
	<SourceText>********* HEADER **********<CR/><TAB/>PURPOSE: Adds/Removes elements from ~array<CR/><TAB/>PARAMETER:<CR/><TAB/><TAB/>index<TAB/><TAB/><TAB/>the index to start the splice (inclusive)<CR/><TAB/><TAB/>howmany<TAB/><TAB/><TAB/>the number of values to remove<CR/><TAB/><TAB/>values<TAB/><TAB/><TAB/>the values to add in at index<CR/><CR/><TAB/>RESULT:<CR/><TAB/><TAB/>result (array)<TAB/><TAB/>the elements removed from ~array<CR/><CR/><TAB/>ERROR:<CR/><CR/><TAB/>VERSION: 1.0<CR/><TAB/><TAB/>5/03/2021<TAB/><TAB/>iCore Management<TAB/>CREATED<CR/><CR/><TAB/>NOTES: Does change ~array.<CR/><CR/> ********** HEADER *********</SourceText>
	<TargetText>********* HEADER **********<CR/><TAB/>PURPOSE: Adds/Removes elements from ~array<CR/><TAB/>PARAMETER:<CR/><TAB/><TAB/>index<TAB/><TAB/><TAB/>the index to start the splice (inclusive)<CR/><TAB/><TAB/>howmany<TAB/><TAB/><TAB/>the number of values to remove<CR/><TAB/><TAB/>values<TAB/><TAB/><TAB/>the values to add in at index<CR/><CR/><TAB/>RESULT:<CR/><TAB/><TAB/>result (array)<TAB/><TAB/>the elements removed from ~array<CR/><CR/><TAB/>ERROR:<CR/><CR/><TAB/>VERSION: 1.0<CR/><TAB/><TAB/>5/03/2021<TAB/><TAB/>iCore Management<TAB/>CREATED<CR/><CR/><TAB/>NOTES: Does change ~array.<CR/><CR/> ********** HEADER *********</TargetText>
	<Comment>com.fmi.calculation.text.********* HEADER **********_CR/__TAB/_PURPOSE: Adds/Removes elements from ~array_CR/__TAB/_PARAMETER:_CR/__TAB/__TAB/_index_TAB/__TAB/__TAB/_the index to start the splice (inclusive)_CR/__TAB/__TAB/_howmany_TAB/__TAB/__TAB/_the number of values to remove_CR/__TAB/__TAB/_values_TAB/__TAB/__TAB/_the values to add in at index_CR/__CR/__TAB/_RESULT:_CR/__TAB/__TAB/_result (array)_TAB/__TAB/_the elements removed from ~array_CR/__CR/__TAB/_ERROR:_CR/__CR/__TAB/_VERSION: 1.0_CR/__TAB/__TAB/_5/03/2021_TAB/__TAB/_iCore Management_TAB/_CREATED_CR/__CR/__TAB/_NOTES: Does change ~array._CR/__CR/_ ********** HEADER *********</Comment>
</DynamicTemplateString>

<DynamicTemplateString>
	<StringID>com.fmi.calculation.text.FEDF960D6E568C4463CCD96496703911</StringID>
	<SourceText>********* HEADER **********<CR/><TAB/>PURPOSE: Calls a function for each ~array element <CR/><TAB/>PARAMETER:<CR/><TAB/><TAB/>function<TAB/><TAB/><TAB/>a quoted function<CR/><TAB/><TAB/><TAB/>[value]<TAB/><TAB/>replaced with array value during run time<CR/><TAB/><TAB/><TAB/>[index]<TAB/><TAB/>replaced with array index during run time<CR/><TAB/><TAB/><TAB/>[array]<TAB/><TAB/>replaced with array during run time<CR/><TAB/><TAB/><TAB/>[total]<TAB/><TAB/>replaced with result value during run time<CR/><CR/><TAB/>RESULT:<CR/><TAB/><TAB/>result (string)<TAB/><TAB/>result from the function from each ~array element<CR/><CR/><TAB/>ERROR:<CR/><CR/><TAB/>VERSION: 1.0<CR/><TAB/><TAB/>5/03/2021<TAB/>iCore Management<TAB/>CREATED<CR/><CR/><TAB/>NOTES: Does not change ~array. Does not evaluate empty values.<CR/><CR/> ********** HEADER *********</SourceText>
	<TargetText>********* HEADER **********<CR/><TAB/>PURPOSE: Calls a function for each ~array element <CR/><TAB/>PARAMETER:<CR/><TAB/><TAB/>function<TAB/><TAB/><TAB/>a quoted function<CR/><TAB/><TAB/><TAB/>[value]<TAB/><TAB/>replaced with array value during run time<CR/><TAB/><TAB/><TAB/>[index]<TAB/><TAB/>replaced with array index during run time<CR/><TAB/><TAB/><TAB/>[array]<TAB/><TAB/>replaced with array during run time<CR/><TAB/><TAB/><TAB/>[total]<TAB/><TAB/>replaced with result value during run time<CR/><CR/><TAB/>RESULT:<CR/><TAB/><TAB/>result (string)<TAB/><TAB/>result from the function from each ~array element<CR/><CR/><TAB/>ERROR:<CR/><CR/><TAB/>VERSION: 1.0<CR/><TAB/><TAB/>5/03/2021<TAB/>iCore Management<TAB/>CREATED<CR/><CR/><TAB/>NOTES: Does not change ~array. Does not evaluate empty values.<CR/><CR/> ********** HEADER *********</TargetText>
	<Comment>com.fmi.calculation.text.********* HEADER **********_CR/__TAB/_PURPOSE: Calls a function for each ~array element _CR/__TAB/_PARAMETER:_CR/__TAB/__TAB/_function_TAB/__TAB/__TAB/_a quoted function_CR/__TAB/__TAB/__TAB/_[value]_TAB/__TAB/_replaced with array value during run time_CR/__TAB/__TAB/__TAB/_[index]_TAB/__TAB/_replaced with array index during run time_CR/__TAB/__TAB/__TAB/_[array]_TAB/__TAB/_replaced with array during run time_CR/__TAB/__TAB/__TAB/_[total]_TAB/__TAB/_replaced with result value during run time_CR/__CR/__TAB/_RESULT:_CR/__TAB/__TAB/_result (string)_TAB/__TAB/_result from the function from each ~array element_CR/__CR/__TAB/_ERROR:_CR/__CR/__TAB/_VERSION: 1.0_CR/__TAB/__TAB/_5/03/2021_TAB/_iCore Management_TAB/_CREATED_CR/__CR/__TAB/_NOTES: Does not change ~array. Does not evaluate empty values._CR/__CR/_ ********** HEADER *********</Comment>
</DynamicTemplateString>

<DynamicTemplateString>
	<StringID>com.fmi.layoutobject.text.31772953F9C0897CE8AE45BF84824FED</StringID>
	<SourceText>https://iCoreManagement.com/Products/Arrays</SourceText>
	<TargetText>https://iCoreManagement.com/Products/Arrays</TargetText>
	<Comment>com.fmi.layoutobject.text.https://iCoreManagement.com/Products/Arrays</Comment>
</DynamicTemplateString>

<DynamicTemplateString>
	<StringID>com.fmi.layoutobject.text.32625166290A6B0484256EBD0E6A423C</StringID>
	<SourceText>~Arrays</SourceText>
	<TargetText>~Arrays</TargetText>
	<Comment>com.fmi.layoutobject.text.~Arrays</Comment>
</DynamicTemplateString>

<DynamicTemplateString>
	<StringID>com.fmi.layoutobject.text.43CE3D820D200ED7EDC67EB669FED526</StringID>
	<SourceText>1. The ~array custom functions have now been added to this file.<CR/>2. This object can now be safely deleted.</SourceText>
	<TargetText>1. The ~array custom functions have now been added to this file.<CR/>2. This object can now be safely deleted.</TargetText>
	<Comment>com.fmi.layoutobject.text.1. The ~array custom functions have now been added to this file._CR/_2. This object can now be safely deleted.</Comment>
</DynamicTemplateString>
